person_id,full_name,email,property_code,peep_required,peep_status,mobility_category,last_review_date,risk_status
P100001,Taylor Smith,taylor.smith@mailinator.com,LDS-AR,Yes,Approved,Wheelchair,2025-09-03,Not Potential
P100002,Sam Smith,sam.smith@example.com,MCH-CC,No,Pending,Wheelchair,2025-09-14,Not Potential
P100003,Cameron Rodriguez,cameron.rodriguez@example.com,EDI-EX,No,Approved,Category Not Specified,2025-06-04,Not Potential
P100004,Taylor Anderson,taylor.anderson@testmail.co,GLW-CL,Yes,Approved,Ambulatory,2025-07-03,Not Potential
P100005,Parker Anderson,parker.anderson@mailinator.com,MCH-CC,Yes,Approved,Ambulatory,2025-02-28,Not Potential
P100006,Taylor Taylor,taylor.taylor@testmail.co,BEL-LG,No,Approved,Ambulatory,2025-05-23,Not Potential
P100007,Jamie White,jamie.white@mailinator.com,EDI-EX,No,Approved,Ambulatory,2025-09-08,Not Potential
P100008,Sam Garcia,sam.garcia@example.com,BHM-PR,Yes,Revoked,Ambulatory,2025-06-07,Potential
P100009,Elliot Hernandez,elliot.hernandez@example.com,LDS-AR,No,Approved,Wheelchair,2025-07-19,Not Potential
P100010,Riley Jones,riley.jones@mailinator.com,BEL-LG,Yes,Approved,Ambulatory,2025-07-20,Not Potential
P100011,Elliot White,elliot.white@testmail.co,NRW-QP,No,Revoked,Wheelchair,2025-02-22,Not Potential
P100013,Skyler Brown,skyler.brown@mailinator.com,LDS-AR,Yes,Approved,Ambulatory,2025-03-18,Not Potential
P100014,Skyler Smith,skyler.smith@mailinator.com,BHM-PR,Yes,Approved,Category Not Specified,2025-05-08,Not Potential
P100015,Cameron Williams,cameron.williams@example.com,BEL-LG,No,Approved,Ambulatory,2025-08-18,Not Potential
P100016,Skyler White,skyler.white@testmail.co,MCH-CC,No,Pending,Wheelchair,2025-07-22,Not Potential
P100017,Quinn Martin,quinn.martin@testmail.co,BRI-01,Yes,Approved,Ambulatory,2025-04-01,Not Potential
P100018,Sam Garcia,sam.garcia@example.com,LDN-HQ,Yes,Approved,Wheelchair,2025-04-18,Not Potential
P100019,Cameron Thompson,cameron.thompson@testmail.co,MCH-CC,Yes,Approved,Ambulatory,2025-07-12,Not Potential
P100020,Quinn Johnson,quinn.johnson@mailinator.com,BRI-01,No,Expired,Ambulatory,2025-04-07,Not Potential
P100021,Jordan Thomas,jordan.thomas@example.com,LDS-AR,No,Approved,VisionImpaired,2025-09-04,Not Potential
P100022,Reese Smith,reese.smith@example.com,MCH-CC,Yes,Approved,Ambulatory,2025-01-06,Not Potential
P100024,Casey Johnson,casey.johnson@mailinator.com,NRW-QP,No,Approved,Ambulatory,2025-09-06,Not Potential
P100025,Skyler Williams,skyler.williams@example.com,BRI-01,No,Approved,Ambulatory,2025-04-19,Not Potential
P100026,Parker Williams,parker.williams@testmail.co,GLW-CL,No,Approved,Wheelchair,2025-06-08,Not Potential
P100027,Jordan Wilson,jordan.wilson@testmail.co,BHM-PR,No,Approved,Ambulatory,2025-02-03,Not Potential
P100028,Skyler Rodriguez,skyler.rodriguez@example.com,BHM-PR,No,Approved,Ambulatory,2025-09-23,Not Potential
P100029,Skyler Smith,skyler.smith@mailinator.com,NRW-QP,No,Revoked,Ambulatory,2025-02-04,Not Potential
P100030,Jordan Rodriguez,jordan.rodriguez@testmail.co,GLW-CL,No,Pending,HearingImpaired,2025-09-16,Not Potential
P100031,Sam Williams,sam.williams@mailinator.com,CDF-BY,Yes,Approved,Ambulatory,2025-05-06,Not Potential
P100032,Reese Thomas,reese.thomas@mailinator.com,LDN-HQ,No,Pending,Ambulatory,2025-01-27,Not Potential
P100033,Reese Jones,reese.jones@testmail.co,EDI-EX,No,Expired,Neurodivergent,2025-06-07,Not Potential
P100034,Taylor Anderson,taylor.anderson@mailinator.com,CDF-BY,No,Revoked,Ambulatory,2025-03-26,Not Potential
P100035,Harper Smith,harper.smith@example.com,BHM-PR,No,Pending,Wheelchair,2025-04-09,Not Potential
P100036,Taylor Taylor,taylor.taylor@example.com,BEL-LG,Yes,Approved,Ambulatory,2025-04-08,Not Potential
P100037,Casey Taylor,casey.taylor@testmail.co,LDS-AR,No,Approved,Ambulatory,2025-07-22,Not Potential
P100038,Reese Martinez,reese.martinez@example.com,BRI-01,No,Pending,Category Not Specified,2025-01-04,Not Potential
P100039,Drew Martinez,drew.martinez@testmail.co,GLW-CL,Yes,Revoked,Ambulatory,2025-01-23,Potential
P100040,Skyler Jackson,skyler.jackson@mailinator.com,MCH-CC,Yes,Pending,Ambulatory,2025-06-22,Potential
P100041,Jesse Martin,jesse.martin@testmail.co,CDF-BY,No,Approved,Ambulatory,2025-07-22,Not Potential
P100042,Morgan White,morgan.white@mailinator.com,LDS-AR,Yes,Approved,Ambulatory,2025-06-15,Not Potential
P100043,Casey Martin,casey.martin@testmail.co,EDI-EX,No,Pending,Ambulatory,2025-02-27,Not Potential
P100044,Riley Wilson,riley.wilson@example.com,MCH-CC,Yes,Not Available,Ambulatory,2025-02-15,Potential
P100045,Cameron Davis,cameron.davis@mailinator.com,CDF-BY,No,Pending,Ambulatory,2025-02-25,Not Potential
P100046,Morgan Martin,morgan.martin@testmail.co,LDN-HQ,No,Approved,Ambulatory,2025-08-22,Not Potential
P100047,Reese White,reese.white@testmail.co,BEL-LG,No,Approved,HearingImpaired,2025-09-15,Not Potential
P100048,Rowan Hernandez,rowan.hernandez@testmail.co,MCH-CC,No,Pending,Ambulatory,2025-04-09,Not Potential
P100049,Jesse Garcia,jesse.garcia@testmail.co,BHM-PR,No,Approved,Ambulatory,2025-03-23,Not Potential
P100050,Harper Thomas,harper.thomas@testmail.co,NRW-QP,Yes,Expired,Ambulatory,2025-01-28,Potential
P100051,Cameron Taylor,cameron.taylor@testmail.co,LDN-HQ,No,Approved,Neurodivergent,2025-07-18,Not Potential
P100052,Reese White,reese.white@example.com,BEL-LG,No,Approved,Ambulatory,2025-07-24,Not Potential
P100053,Quinn Jones,quinn.jones@mailinator.com,NRW-QP,No,Pending,Ambulatory,2025-07-05,Not Potential
P100054,Morgan Johnson,morgan.johnson@testmail.co,CDF-BY,No,Approved,Neurodivergent,2025-05-25,Not Potential
P100055,Harper Rodriguez,harper.rodriguez@example.com,BEL LG,Yes,Not Available,Ambulatory,2025-02-25,Potential
P100056,Sam Smith,sam.smith@example.com,MCH-CC,No,Approved,Ambulatory,2025-02-19,Not Potential
P100057,Quinn Rodriguez,quinn.rodriguez@testmail.co,EDI-EX,No,Pending,VisionImpaired,2025-03-10,Not Potential
P100058,Alex Wilson,alex.wilson@mailinator.com,CDF-BY,No,Approved,Wheelchair,2025-04-04,Not Potential
P100059,Jesse White,jesse.white@example.com,GLW-CL,No,Approved,Ambulatory,2025-09-21,Not Potential
P100060,Harper Moore,harper.moore@example.com,CDF-BY,No,Expired,Wheelchair,2025-07-06,Not Potential
P100061,Avery White,avery.white@mailinator.com,BEL-LG,Yes,Pending,Ambulatory,2025-04-27,Potential
P100062,Avery Hernandez,avery.hernandez@example.com,BEL-LG,No,Approved,Ambulatory,2025-06-06,Not Potential
P100063,Drew Rodriguez,drew.rodriguez@testmail.co,LDS-AR,No,Approved,Ambulatory,2025-04-03,Not Potential
P100064,Harper Moore,harper.moore@mailinator.com,MCH-CC,No,Approved,VisionImpaired,2025-02-10,Not Potential
P100065,Riley Wilson,riley.wilson@mailinator.com,GLW-CL,No,Approved,Category Not Specified,2025-09-11,Not Potential
P100066,Quinn Rodriguez,quinn.rodriguez@testmail.co,LDS-AR,No,Approved,Wheelchair,2025-03-07,Not Potential
P100067,Rowan Rodriguez,rowan.rodriguez@mailinator.com,GLW-CL,Yes,Approved,Ambulatory,2025-04-10,Not Potential
P100068,Morgan Wilson,morgan.wilson@example.com,NRW-QP,Yes,Approved,Ambulatory,2025-03-21,Not Potential
P100069,Rowan Brown,rowan.brown@example.com,GLW-CL,Yes,Approved,Category Not Specified,2025-05-28,Not Potential
P100070,Jamie Taylor,jamie.taylor@testmail.co,BRI-01,No,Approved,HearingImpaired,2025-05-03,Not Potential
P100071,Taylor Jackson,taylor.jackson@testmail.co,GLW-CL,No,Pending,Ambulatory,2025-08-10,Not Potential
P100072,Harper Wilson,harper.wilson@mailinator.com,GLW-CL,No,Approved,VisionImpaired,2025-04-09,Not Potential
P100073,Morgan Garcia,morgan.garcia@example.com,NRW-QP,Yes,Approved,Ambulatory,2025-05-02,Not Potential
P100074,Jesse Hernandez,jesse.hernandez@example.com,MCH-CC,Yes,Pending,Ambulatory,2025-04-14,Potential
P100075,Riley Jones,riley.jones@testmail.co,EDI-EX,No,Approved,Wheelchair,2025-05-15,Not Potential
P100076,Jesse Taylor,jesse.taylor@testmail.co,NRW-QP,No,Pending,Neurodivergent,2025-06-20,Not Potential
P100077,Jamie Garcia,jamie.garcia@mailinator.com,GLW-CL,Yes,Pending,HearingImpaired,2025-01-25,Potential
P100078,Rowan Martin,rowan.martin@mailinator.com,BEL-LG,No,Pending,Ambulatory,2025-08-03,Not Potential
P100079,Harper Martinez,harper.martinez@testmail.co,BRI-01,No,Pending,Ambulatory,2025-07-27,Not Potential
P100080,Sam Hernandez,sam.hernandez@example.com,BHM-PR,Yes,Pending,Neurodivergent,2025-01-22,Potential
P100081,Quinn Thomas,quinn.thomas@example.com,MCH-CC,No,Approved,Ambulatory,2025-01-07,Not Potential
P100082,Jordan Wilson,jordan.wilson@testmail.co,BEL-LG,No,Pending,Ambulatory,2025-03-10,Not Potential
P100083,Reese Thomas,reese.thomas@example.com,MCH-CC,No,Approved,Ambulatory,2025-03-16,Not Potential
P100084,Jesse Martin,jesse.martin@mailinator.com,LDS-AR,Yes,Approved,Ambulatory,2025-03-13,Not Potential
P100085,Parker Martin,parker.martin@mailinator.com,EDI-EX,No,Expired,Ambulatory,2025-09-09,Not Potential
P100086,Jesse Wilson,jesse.wilson@mailinator.com,GLW-CL,Yes,Approved,Ambulatory,2025-06-11,Not Potential
P100087,Reese Taylor,reese.taylor@testmail.co,BHM-PR,No,Approved,Ambulatory,2025-07-02,Not Potential
P100088,Rowan Taylor,rowan.taylor@testmail.co,EDI-EX,Yes,Approved,Ambulatory,2025-02-28,Not Potential
P100089,Taylor Martin,taylor.martin@testmail.co,LDN-HQ,No,Pending,Ambulatory,2025-08-26,Not Potential
P100090,Charlie White,charlie.white@mailinator.com,CDF-BY,No,Expired,Neurodivergent,2025-07-11,Not Potential
P100091,Rowan Jackson,rowan.jackson@example.com,GLW-CL,No,Revoked,Category Not Specified,2025-02-14,Not Potential
P100092,Taylor Hernandez,taylor.hernandez@example.com,LDS-AR,Yes,Expired,Ambulatory,2025-06-14,Potential
P100093,Skyler Thomas,skyler.thomas@mailinator.com,EDI-EX,Yes,Expired,Ambulatory,2025-04-16,Potential
P100094,Jordan Garcia,jordan.garcia@testmail.co,LDS-AR,No,Revoked,Ambulatory,2025-05-22,Not Potential
P100095,Jamie Hernandez,jamie.hernandez@testmail.co,GLW-CL,No,Pending,Ambulatory,2025-05-07,Not Potential
P100097,Sam White,sam.white@mailinator.com,BEL-LG,No,Pending,Ambulatory,2025-06-08,Not Potential
P100098,Parker Rodriguez,parker.rodriguez@mailinator.com,EDI-EX,No,Pending,Ambulatory,2025-08-02,Not Potential
P100099,Jordan Williams,jordan.williams@testmail.co,BHM-PR,No,Approved,Ambulatory,2025-06-17,Not Potential
P100100,Avery Miller,avery.miller@testmail.co,BEL-LG,No,Expired,VisionImpaired,2025-08-03,Not Potential
P100101,Riley Taylor,riley.taylor@mailinator.com,BHM-PR,No,Approved,Ambulatory,2025-06-22,Not Potential
P100102,Avery Thompson,avery.thompson@testmail.co,BHM-PR,No,Approved,Neurodivergent,2025-09-11,Not Potential
P100103,Riley Williams,riley.williams@mailinator.com,BEL-LG,No,Approved,Ambulatory,2025-01-10,Not Potential
P100104,Taylor Brown,taylor.brown@example.com,NRW-QP,No,Pending,Wheelchair,2025-09-14,Not Potential
P100105,Jordan Thomas,jordan.thomas@mailinator.com,BRI-01,No,Revoked,Ambulatory,2025-06-07,Not Potential
P100106,Riley Anderson,riley.anderson@example.com,BHM-PR,No,Approved,Ambulatory,2025-04-04,Not Potential
P100107,Quinn Williams,quinn.williams@mailinator.com,MCH-CC,No,Approved,VisionImpaired,2025-04-05,Not Potential
P100108,Casey Williams,casey.williams@mailinator.com,MCH-CC,Yes,Approved,VisionImpaired,2025-01-09,Not Potential
P100109,Jordan Jones,jordan.jones@mailinator.com,LDS-AR,Yes,Expired,Ambulatory,2025-06-26,Potential
P100110,Cameron Martinez,cameron.martinez@example.com,EDI-EX,Yes,Approved,Ambulatory,2025-02-16,Not Potential
P100111,Drew Martin,drew.martin@mailinator.com,BRI-01,No,Pending,Wheelchair,2025-09-10,Not Potential
P100112,Alex Johnson,alex.johnson@testmail.co,CDF-BY,Yes,Pending,Ambulatory,2025-02-11,Potential
P100113,Jamie Jones,jamie.jones@testmail.co,GLW-CL,No,Approved,Category Not Specified,2025-09-10,Not Potential
P100114,Parker Thomas,parker.thomas@example.com,BRI-01,No,Pending,Wheelchair,2025-04-14,Not Potential
P100115,Riley Thomas,riley.thomas@testmail.co,BEL-LG,No,Approved,Ambulatory,2025-05-12,Not Potential
P100116,Rowan Williams,rowan.williams@example.com,BRI-01,Yes,Pending,HearingImpaired,2025-09-02,Potential
P100117,Reese Jackson,reese.jackson@testmail.co,BRI-01,No,Revoked,Ambulatory,2025-01-10,Not Potential
P100118,Drew Brown,drew.brown@mailinator.com,NRW-QP,No,Approved,Ambulatory,2025-09-12,Not Potential
P100119,Avery Thompson,avery.thompson@example.com,CDF-BY,No,Expired,Ambulatory,2025-09-01,Not Potential
P100120,Avery Smith,avery.smith@example.com,LDS-AR,No,Approved,Ambulatory,2025-03-19,Not Potential
P100121,Jamie Jones,jamie.jones@mailinator.com,LDN-HQ,Yes,Approved,Ambulatory,2025-03-12,Not Potential
P100122,Charlie Thompson,charlie.thompson@mailinator.com,BRI-01,No,Pending,Ambulatory,2025-02-09,Not Potential
P100123,Harper Moore,harper.moore@mailinator.com,BEL-LG,No,Approved,Ambulatory,2025-02-10,Not Potential
P100124,Cameron Moore,cameron.moore@mailinator.com,LDS-AR,No,Approved,Ambulatory,2025-04-25,Not Potential
P100125,Avery Wilson,avery.wilson@testmail.co,BRI_01,No,Approved,Ambulatory,2025-04-17,Not Potential
P100126,Drew Williams,drew.williams@testmail.co,LDN-HQ,No,Approved,Ambulatory,2025-07-19,Not Potential
P100128,Taylor Garcia,taylor.garcia@testmail.co,GLW-CL,Yes,Expired,Wheelchair,2025-04-11,Potential
P100129,Jamie Martin,jamie.martin@mailinator.com,BRI-01,No,Pending,Ambulatory,2025-03-08,Not Potential
P100130,Avery Davis,avery.davis@example.com,GLW-CL,No,Approved,Other,2025-08-15,Not Potential
P100131,Cameron Hernandez,cameron.hernandez@mailinator.com,GLW-CL,No,Approved,Category Not Specified,2025-06-05,Not Potential
P100132,Rowan Hernandez,rowan.hernandez@mailinator.com,LDS-AR,No,Approved,Ambulatory,2025-08-15,Not Potential
P100133,Drew Wilson,drew.wilson@example.com,BRI-01,Yes,Approved,Ambulatory,2025-01-15,Not Potential
P100134,Cameron Davis,cameron.davis@testmail.co,GLW-CL,Yes,Approved,Ambulatory,2025-06-23,Not Potential
P100135,Morgan Johnson,morgan.johnson@example.com,BEL-LG,Yes,Pending,Ambulatory,2025-05-13,Potential
P100136,Charlie White,charlie.white@example.com,BHM-PR,Yes,Pending,Ambulatory,2025-03-11,Potential
P100137,Jordan Anderson,jordan.anderson@testmail.co,CDF-BY,No,Approved,Ambulatory,2025-06-27,Not Potential
P100138,Skyler Williams,skyler.williams@mailinator.com,CDF-BY,Yes,Approved,Other,2025-06-25,Not Potential
P100139,Riley Jones,riley.jones@example.com,BRI-01,Yes,Approved,Ambulatory,2025-09-02,Not Potential
P100140,Parker Jones,parker.jones@mailinator.com,CDF-BY,No,Pending,Ambulatory,2025-03-24,Not Potential
P100141,Harper Anderson,harper.anderson@mailinator.com,MCH-CC,No,Pending,VisionImpaired,2025-04-18,Not Potential
P100142,Rowan Davis,rowan.davis@testmail.co,GLW-CL,Yes,Approved,Ambulatory,2025-09-14,Not Potential
P100143,Casey White,casey.white@example.com,LDS-AR,Yes,Approved,Other,2025-09-28,Not Potential
P100144,Jamie Miller,jamie.miller@testmail.co,BEL-LG,Yes,Approved,Other,2025-04-27,Not Potential
P100145,Drew Smith,drew.smith@testmail.co,LDN-HQ,No,Approved,Ambulatory,2025-04-01,Not Potential
P100146,Taylor Martinez,taylor.martinez@example.com,EDI-EX,No,Approved,Wheelchair,2025-08-20,Not Potential
P100147,Jamie Smith,jamie.smith@testmail.co,MCH-CC,No,Pending,Ambulatory,2025-02-25,Not Potential
P100148,Jesse Brown,jesse.brown@example.com,MCH-CC,Yes,Approved,Ambulatory,2025-08-20,Not Potential
P100149,Skyler Thompson,skyler.thompson@example.com,EDI-EX,Yes,Approved,Ambulatory,2025-03-22,Not Potential
P100150,Skyler Anderson,skyler.anderson@example.com,NRW-QP,Yes,Approved,Ambulatory,2025-08-02,Not Potential
P100151,Drew Rodriguez,drew.rodriguez@mailinator.com,LDN-HQ,Yes,Approved,Ambulatory,2025-02-25,Not Potential
P100152,Charlie Jones,charlie.jones@example.com,BHM-PR,Yes,Approved,VisionImpaired,2025-08-23,Not Potential
P100153,Morgan Jones,morgan.jones@example.com,BEL-LG,Yes,Approved,Ambulatory,2025-05-17,Not Potential
P100154,Reese Moore,reese.moore@testmail.co,LDN-HQ,No,Approved,VisionImpaired,2025-06-09,Not Potential
P100156,Skyler Rodriguez,skyler.rodriguez@example.com,CDF-BY,No,Expired,Ambulatory,2025-06-04,Not Potential
P100157,Jesse Wilson,jesse.wilson@testmail.co,GLW-CL,No,Approved,Ambulatory,2025-06-20,Not Potential
P100158,Avery Johnson,avery.johnson@example.com,CDF-BY,Yes,Pending,Category Not Specified,2025-03-28,Potential
P100159,Quinn Johnson,quinn.johnson@example.com,BRI-01,No,Approved,Other,2025-01-20,Not Potential
P100160,Quinn Anderson,quinn.anderson@testmail.co,BEL-LG,No,Approved,Ambulatory,2025-05-08,Not Potential
P100161,Alex Miller,alex.miller@testmail.co,NRW-QP,No,Approved,Ambulatory,2025-08-07,Not Potential
P100162,Jesse Moore,jesse.moore@example.com,BRI-01,Yes,Approved,Wheelchair,2025-02-26,Not Potential
P100163,Charlie Anderson,charlie.anderson@mailinator.com,BRI-01,No,Approved,Ambulatory,2025-03-26,Not Potential
P100164,Riley Brown,riley.brown@example.com,EDI-EX,Yes,Approved,Ambulatory,2025-08-26,Not Potential
P100165,Jordan White,jordan.white@example.com,BRI-01,No,Pending,Ambulatory,2025-07-27,Not Potential
P100166,Jordan Martinez,jordan.martinez@mailinator.com,BRI-01,No,Approved,Neurodivergent,2025-09-21,Not Potential
P100167,Jordan Thomas,jordan.thomas@mailinator.com,LDN-HQ,Yes,Approved,Ambulatory,2025-04-12,Not Potential
P100168,Skyler Wilson,skyler.wilson@example.com,LDS-AR,No,Approved,Ambulatory,2025-09-03,Not Potential
P100169,Morgan Thompson,morgan.thompson@mailinator.com,EDI-EX,No,Revoked,Ambulatory,2025-01-27,Not Potential
P100170,Jamie Johnson,jamie.johnson@mailinator.com,GLW-CL,No,Pending,Ambulatory,2025-01-16,Not Potential
P100171,Reese Wilson,reese.wilson@mailinator.com,LDS-AR,Yes,Pending,Ambulatory,2025-02-23,Potential
P100172,Quinn Thomas,quinn.thomas@testmail.co,BEL-LG,No,Approved,Wheelchair,2025-06-13,Not Potential
P100173,Drew Martin,drew.martin@mailinator.com,BRI-01,Yes,Approved,Ambulatory,2025-02-02,Not Potential
P100174,Elliot White,elliot.white@testmail.co,MCH-CC,No,Expired,Other,2025-06-07,Not Potential
P100175,Rowan Martin,rowan.martin@testmail.co,BEL-LG,Yes,Approved,Ambulatory,2025-08-08,Not Potential
P100176,Drew Johnson,drew.johnson@example.com,LDS-AR,No,Pending,Ambulatory,2025-09-01,Not Potential
P100177,Harper Jones,harper.jones@testmail.co,BHM-PR,No,Approved,Ambulatory,2025-04-12,Not Potential
P100179,Elliot Anderson,elliot.anderson@testmail.co,NRW-QP,No,Approved,Ambulatory,2025-09-02,Not Potential
P100180,Jordan Martinez,jordan.martinez@testmail.co,NRW-QP,No,Approved,Ambulatory,2025-06-06,Not Potential
P100181,Parker Wilson,parker.wilson@mailinator.com,BHM-PR,Yes,Approved,Ambulatory,2025-08-27,Not Potential
P100182,Charlie Brown,charlie.brown@testmail.co,GLW-CL,No,Expired,Ambulatory,2025-08-09,Not Potential
P100183,Cameron Thompson,cameron.thompson@example.com,LDN-HQ,No,Pending,Ambulatory,2025-07-05,Not Potential
P100184,Riley Johnson,riley.johnson@mailinator.com,BRI-01,No,Approved,Ambulatory,2025-04-14,Not Potential
P100185,Parker Moore,parker.moore@mailinator.com,LDN-HQ,Yes,Pending,Category Not Specified,2025-08-17,Potential
P100186,Morgan Hernandez,morgan.hernandez@mailinator.com,BHM-PR,No,Expired,Wheelchair,2025-05-20,Not Potential
P100187,Riley Rodriguez,riley.rodriguez@mailinator.com,LDS-AR,No,Approved,Ambulatory,2025-04-23,Not Potential
P100188,Charlie Moore,charlie.moore@testmail.co,NRW-QP,Yes,Approved,Ambulatory,2025-09-13,Not Potential
P100189,Elliot Anderson,elliot.anderson@example.com,LDS AR,Yes,Revoked,Ambulatory,2025-08-07,Potential
P100190,Reese Rodriguez,reese.rodriguez@mailinator.com,LDS-AR,No,Pending,Ambulatory,2025-09-08,Not Potential
P100191,Sam Brown,sam.brown@testmail.co,BHM-PR,Yes,Pending,Ambulatory,2025-09-06,Potential
P100192,Rowan Moore,rowan.moore@mailinator.com,MCH-CC,No,Approved,Ambulatory,2025-02-21,Not Potential
P100193,Reese Johnson,reese.johnson@example.com,CDF-BY,No,Revoked,Category Not Specified,2025-07-26,Not Potential
P100194,Jesse Johnson,jesse.johnson@example.com,LDS-AR,Yes,Not Available,Ambulatory,2025-09-17,Potential
P100195,Jordan Martin,jordan.martin@testmail.co,LDS-AR,Yes,Approved,Ambulatory,2025-05-23,Not Potential
P100196,Charlie Wilson,charlie.wilson@mailinator.com,MCH-CC,No,Revoked,HearingImpaired,2025-09-11,Not Potential
P100197,Taylor Miller,taylor.miller@example.com,BEL-LG,No,Approved,Ambulatory,2025-05-11,Not Potential
P100198,Cameron Smith,cameron.smith@testmail.co,BHM-PR,Yes,Approved,Ambulatory,2025-07-22,Not Potential
P100200,Drew Thomas,drew.thomas@mailinator.com,NRW-QP,No,Expired,HearingImpaired,2025-04-22,Not Potential
P100201,Jamie Martin,jamie.martin@testmail.co,NRW-QP,Yes,Pending,Ambulatory,2025-09-17,Potential
P100202,Reese Jones,reese.jones@example.com,BHM-PR,No,Pending,Wheelchair,2025-08-03,Not Potential
P100203,Quinn Johnson,quinn.johnson@testmail.co,EDI-EX,No,Approved,Ambulatory,2025-05-24,Not Potential
P100204,Avery Smith,avery.smith@mailinator.com,MCH-CC,Yes,Approved,Ambulatory,2025-01-03,Not Potential
P100205,Rowan Johnson,rowan.johnson@testmail.co,CDF-BY,Yes,Pending,Wheelchair,2025-07-12,Potential
P100206,Elliot Hernandez,elliot.hernandez@testmail.co,CDF-BY,No,Expired,Ambulatory,2025-06-04,Not Potential
P100207,Reese Taylor,reese.taylor@mailinator.com,EDI-EX,No,Approved,Ambulatory,2025-05-15,Not Potential
P100208,Reese Thomas,reese.thomas@mailinator.com,CDF-BY,No,Approved,Ambulatory,2025-02-02,Not Potential
P100209,Harper White,harper.white@example.com,MCH-CC,Yes,Approved,Ambulatory,2025-01-08,Not Potential
P100210,Elliot Hernandez,elliot.hernandez@example.com,NRW-QP,No,Approved,Ambulatory,2025-05-08,Not Potential
P100211,Cameron Martinez,cameron.martinez@mailinator.com,GLW-CL,Yes,Approved,Neurodivergent,2025-09-08,Not Potential
P100212,Avery Johnson,avery.johnson@mailinator.com,GLW-CL,No,Pending,Ambulatory,2025-08-02,Not Potential
P100213,Elliot Martin,elliot.martin@testmail.co,CDF-BY,No,Approved,Ambulatory,2025-04-28,Not Potential
P100214,Jordan Hernandez,jordan.hernandez@example.com,NRW-QP,No,Approved,Ambulatory,2025-05-07,Not Potential
P100215,Jamie Hernandez,jamie.hernandez@testmail.co,BRI-01,Yes,Approved,Ambulatory,2025-01-28,Not Potential
P100216,Cameron Jackson,cameron.jackson@example.com,BEL-LG,No,Approved,Neurodivergent,2025-04-07,Not Potential
P100217,Taylor Moore,taylor.moore@example.com,GLW-CL,No,Approved,Ambulatory,2025-05-13,Not Potential
P100218,Drew Wilson,drew.wilson@testmail.co,BHM-PR,Yes,Approved,Category Not Specified,2025-08-25,Not Potential
P100219,Casey Anderson,casey.anderson@testmail.co,CDF-BY,No,Approved,Ambulatory,2025-07-10,Not Potential
P100220,Charlie Garcia,charlie.garcia@testmail.co,GLW-CL,Yes,Pending,Wheelchair,2025-05-25,Potential
P100221,Rowan Hernandez,rowan.hernandez@example.com,BHM-PR,No,Approved,Neurodivergent,2025-09-21,Not Potential
P100222,Skyler Johnson,skyler.johnson@example.com,LDN-HQ,No,Expired,Ambulatory,2025-03-01,Not Potential
P100223,Quinn Anderson,quinn.anderson@example.com,GLW-CL,No,Revoked,Ambulatory,2025-01-01,Not Potential
P100224,Harper Smith,harper.smith@example.com,NRW-QP,Yes,Approved,Ambulatory,2025-07-26,Not Potential
P100225,Morgan Brown,morgan.brown@example.com,NRW-QP,No,Approved,HearingImpaired,2025-05-26,Not Potential
P100226,Drew Taylor,drew.taylor@testmail.co,GLW-CL,No,Approved,HearingImpaired,2025-02-21,Not Potential
P100227,Sam Williams,sam.williams@testmail.co,CDF-BY,Yes,Pending,Wheelchair,2025-02-16,Potential
P100228,Charlie Thompson,charlie.thompson@example.com,NRW-QP,No,Revoked,Wheelchair,2025-08-09,Not Potential
P100229,Jamie Rodriguez,jamie.rodriguez@mailinator.com,GLW-CL,No,Expired,Ambulatory,2025-04-19,Not Potential
P100230,Elliot Williams,elliot.williams@testmail.co,EDI-EX,No,Expired,Wheelchair,2025-09-11,Not Potential
P100231,Jordan Williams,jordan.williams@mailinator.com,BHM-PR,No,Expired,Ambulatory,2025-07-25,Not Potential
P100232,Avery Hernandez,avery.hernandez@testmail.co,MCH-CC,No,Approved,Wheelchair,2025-07-03,Not Potential
P100233,Jesse Garcia,jesse.garcia@mailinator.com,BRI-01,No,Pending,Ambulatory,2025-07-11,Not Potential
P100234,Jamie Smith,jamie.smith@testmail.co,BEL-LG,No,Approved,Ambulatory,2025-08-18,Not Potential
P100235,Harper Brown,harper.brown@example.com,BRI-01,Yes,Pending,Ambulatory,2025-07-01,Potential
P100236,Elliot Williams,elliot.williams@mailinator.com,NRW-QP,No,Pending,Ambulatory,2025-07-06,Not Potential
P100237,Jesse Rodriguez,jesse.rodriguez@testmail.co,EDI-EX,No,Approved,Ambulatory,2025-02-12,Not Potential
P100238,Riley Moore,riley.moore@mailinator.com,GLW-CL,Yes,Approved,Other,2025-06-27,Not Potential
P100240,Casey Moore,casey.moore@testmail.co,EDI-EX,No,Approved,Wheelchair,2025-08-19,Not Potential
P100241,Charlie Taylor,charlie.taylor@testmail.co,CDF-BY,No,Approved,Category Not Specified,2025-03-22,Not Potential
P100242,Alex Hernandez,alex.hernandez@mailinator.com,MCH-CC,No,Pending,HearingImpaired,2025-07-22,Not Potential
P100243,Jesse Garcia,jesse.garcia@testmail.co,EDI-EX,Yes,Approved,Category Not Specified,2025-08-19,Not Potential
P100244,Skyler Thomas,skyler.thomas@mailinator.com,LDN-HQ,No,Revoked,Ambulatory,2025-02-04,Not Potential
P100245,Drew Miller,drew.miller@mailinator.com,GLW CL,No,Approved,Wheelchair,2025-07-04,Not Potential
P100246,Avery Garcia,avery.garcia@mailinator.com,NRW-QP,No,Approved,Ambulatory,2025-08-25,Not Potential
P100247,Skyler Jones,skyler.jones@testmail.co,LDN-HQ,No,Revoked,Ambulatory,2025-03-12,Not Potential
P100248,Quinn Davis,quinn.davis@mailinator.com,BEL-LG,Yes,Pending,Ambulatory,2025-02-10,Potential
P100250,Reese Thomas,reese.thomas@testmail.co,MCH-CC,No,Approved,Ambulatory,2025-07-01,Not Potential
P100251,Casey Hernandez,casey.hernandez@mailinator.com,CDF-BY,No,Approved,Wheelchair,2025-02-19,Not Potential
P100252,Reese Miller,reese.miller@testmail.co,BHM-PR,Yes,Pending,Ambulatory,2025-06-20,Potential
P100253,Elliot Thompson,elliot.thompson@example.com,BHM-PR,No,Approved,Wheelchair,2025-05-20,Not Potential
P100254,Jordan Martinez,jordan.martinez@example.com,MCH-CC,No,Pending,Ambulatory,2025-07-20,Not Potential
P100255,Elliot Thomas,elliot.thomas@example.com,BEL-LG,No,Pending,Category Not Specified,2025-09-06,Not Potential
P100257,Reese Martin,reese.martin@mailinator.com,BEL-LG,Yes,Pending,Ambulatory,2025-03-03,Potential
P100258,Riley Wilson,riley.wilson@example.com,LDS-AR,No,Expired,Ambulatory,2025-08-18,Not Potential
P100259,Cameron Brown,cameron.brown@testmail.co,NRW-QP,No,Expired,Ambulatory,2025-08-18,Not Potential
P100260,Harper Brown,harper.brown@mailinator.com,MCH-CC,No,Approved,Ambulatory,2025-02-15,Not Potential
P100261,Taylor Garcia,taylor.garcia@example.com,GLW-CL,No,Pending,Ambulatory,2025-03-26,Not Potential
P100262,Casey Johnson,casey.johnson@mailinator.com,BHM-PR,No,Approved,Category Not Specified,2025-05-10,Not Potential
P100263,Skyler Brown,skyler.brown@example.com,CDF-BY,No,Expired,Ambulatory,2025-03-08,Not Potential
P100264,Charlie Garcia,charlie.garcia@mailinator.com,CDF-BY,No,Approved,Ambulatory,2025-08-03,Not Potential
P100265,Jamie Taylor,jamie.taylor@mailinator.com,LDS-AR,No,Approved,Ambulatory,2025-01-28,Not Potential
P100266,Jamie Hernandez,jamie.hernandez@mailinator.com,BHM-PR,Yes,Approved,Category Not Specified,2025-04-16,Not Potential
P100267,Jesse Martinez,jesse.martinez@mailinator.com,GLW-CL,No,Expired,Neurodivergent,2025-01-02,Not Potential
P100268,Quinn Smith,quinn.smith@example.com,EDI-EX,Yes,Not Available,Ambulatory,2025-03-21,Potential
P100269,Avery Williams,avery.williams@mailinator.com,BHM-PR,No,Revoked,Ambulatory,2025-07-21,Not Potential
P100270,Riley Thomas,riley.thomas@mailinator.com,BRI-01,Yes,Approved,Ambulatory,2025-04-17,Not Potential
P100271,Alex Smith,alex.smith@mailinator.com,BHM-PR,No,Approved,Ambulatory,2025-02-08,Not Potential
P100272,Taylor Brown,taylor.brown@testmail.co,BHM-PR,Yes,Pending,Wheelchair,2025-03-21,Potential
P100273,Jordan Williams,jordan.williams@mailinator.com,GLW CL,No,Approved,Ambulatory,2025-03-14,Not Potential
P100274,Quinn Davis,quinn.davis@example.com,BRI-01,Yes,Pending,Ambulatory,2025-07-11,Potential
P100275,Riley Rodriguez,riley.rodriguez@mailinator.com,BRI-01,No,Pending,Ambulatory,2025-01-28,Not Potential
P100276,Jesse Davis,jesse.davis@mailinator.com,GLW-CL,No,Approved,Ambulatory,2025-04-16,Not Potential
P100277,Riley Moore,riley.moore@mailinator.com,GLW-CL,No,Approved,Ambulatory,2025-06-05,Not Potential
P100279,Avery Davis,avery.davis@example.com,LDN-HQ,No,Approved,Wheelchair,2025-07-14,Not Potential
P100280,Jamie Jackson,jamie.jackson@mailinator.com,GLW-CL,Yes,Approved,Neurodivergent,2025-03-18,Not Potential
P100281,Cameron Williams,cameron.williams@testmail.co,CDF-BY,No,Approved,Ambulatory,2025-07-04,Not Potential
P100282,Parker Johnson,parker.johnson@testmail.co,EDI-EX,No,Pending,Ambulatory,2025-06-17,Not Potential
P100283,Avery Miller,avery.miller@testmail.co,EDI-EX,No,Pending,Ambulatory,2025-01-11,Not Potential
P100284,Avery Martin,avery.martin@example.com,LDS-AR,No,Approved,Ambulatory,2025-06-02,Not Potential
P100285,Cameron Miller,cameron.miller@testmail.co,EDI-EX,Yes,Pending,Wheelchair,2025-04-24,Potential
P100286,Sam Smith,sam.smith@example.com,LDN-HQ,No,Approved,Other,2025-01-18,Not Potential
P100287,Harper Garcia,harper.garcia@testmail.co,MCH-CC,No,Approved,Ambulatory,2025-06-04,Not Potential
P100288,Sam Miller,sam.miller@example.com,NRW-QP,No,Approved,Ambulatory,2025-05-25,Not Potential
P100289,Charlie Williams,charlie.williams@mailinator.com,BEL-LG,No,Expired,Wheelchair,2025-04-15,Not Potential
P100290,Rowan Davis,rowan.davis@mailinator.com,NRW-QP,No,Approved,Ambulatory,2025-04-18,Not Potential
P100291,Alex Martinez,alex.martinez@example.com,CDF-BY,No,Approved,Ambulatory,2025-04-14,Not Potential
P100292,Sam Jones,sam.jones@mailinator.com,LDS-AR,No,Revoked,Ambulatory,2025-06-15,Not Potential
P100293,Jamie Thompson,jamie.thompson@example.com,NRW-QP,Yes,Approved,Ambulatory,2025-07-22,Not Potential
P100294,Riley Wilson,riley.wilson@testmail.co,BHM-PR,No,Expired,Ambulatory,2025-08-09,Not Potential
P100295,Casey Jones,casey.jones@mailinator.com,BRI-01,No,Approved,Ambulatory,2025-09-12,Not Potential
P100296,Casey Hernandez,casey.hernandez@testmail.co,BEL-LG,Yes,Approved,Wheelchair,2025-01-07,Not Potential
P100297,Charlie Jones,charlie.jones@example.com,MCH-CC,No,Approved,Ambulatory,2025-03-01,Not Potential
P100298,Quinn Jackson,quinn.jackson@mailinator.com,NRW-QP,Yes,Expired,Ambulatory,2025-01-02,Potential
P100299,Riley Jones,riley.jones@example.com,CDF-BY,No,Pending,Ambulatory,2025-05-27,Not Potential
P100300,Jamie Davis,jamie.davis@mailinator.com,BEL-LG,Yes,Expired,VisionImpaired,2025-02-02,Potential
P100301,Sam Miller,sam.miller@mailinator.com,CDF-BY,No,Approved,Wheelchair,2025-03-12,Not Potential
P100302,Morgan Rodriguez,morgan.rodriguez@testmail.co,BEL-LG,Yes,Pending,Ambulatory,2025-05-16,Potential
P100303,Reese Moore,reese.moore@example.com,BRI-01,Yes,Approved,Neurodivergent,2025-09-08,Not Potential
P100304,Reese Smith,reese.smith@testmail.co,BHM-PR,Yes,Approved,Ambulatory,2025-06-13,Not Potential
P100305,Alex Martinez,alex.martinez@mailinator.com,MCH-CC,Yes,Not Available,Ambulatory,2025-04-06,Potential
P100306,Riley Rodriguez,riley.rodriguez@mailinator.com,LDN-HQ,No,Pending,Category Not Specified,2025-07-12,Not Potential
P100307,Morgan Miller,morgan.miller@example.com,GLW-CL,No,Approved,Ambulatory,2025-06-19,Not Potential
P100308,Cameron Davis,cameron.davis@testmail.co,NRW-QP,Yes,Approved,Ambulatory,2025-04-01,Not Potential
P100309,Alex Martinez,alex.martinez@mailinator.com,MCH-CC,No,Approved,VisionImpaired,2025-06-02,Not Potential
P100310,Cameron Jones,cameron.jones@example.com,NRW-QP,No,Approved,Other,2025-07-19,Not Potential
P100311,Jesse Martinez,jesse.martinez@example.com,EDI-EX,No,Pending,Ambulatory,2025-06-06,Not Potential
P100312,Reese White,reese.white@testmail.co,MCH-CC,Yes,Approved,Wheelchair,2025-05-05,Not Potential
P100313,Alex Thompson,alex.thompson@testmail.co,GLW CL,No,Expired,Ambulatory,2025-02-16,Not Potential
P100314,Jamie Garcia,jamie.garcia@testmail.co,BHM-PR,No,Approved,Wheelchair,2025-06-15,Not Potential
P100315,Casey Garcia,casey.garcia@mailinator.com,BRI-01,Yes,Pending,Ambulatory,2025-08-24,Potential
P100316,Morgan Thomas,morgan.thomas@testmail.co,CDF-BY,No,Expired,VisionImpaired,2025-04-06,Not Potential
P100317,Sam Wilson,sam.wilson@example.com,BHM-PR,Yes,Approved,Neurodivergent,2025-03-24,Not Potential
P100318,Jamie Martinez,jamie.martinez@mailinator.com,GLW-CL,No,Approved,Ambulatory,2025-07-06,Not Potential
P100319,Charlie Davis,charlie.davis@example.com,CDF-BY,No,Pending,Ambulatory,2025-05-10,Not Potential
P100320,Sam Taylor,sam.taylor@mailinator.com,NRW-QP,Yes,Approved,Ambulatory,2025-05-27,Not Potential
P100322,Rowan Moore,rowan.moore@mailinator.com,LDS-AR,No,Approved,Neurodivergent,2025-06-06,Not Potential
P100323,Avery Hernandez,avery.hernandez@testmail.co,LDS-AR,No,Approved,Wheelchair,2025-02-03,Not Potential
P100324,Reese Thomas,reese.thomas@mailinator.com,MCH-CC,Yes,Expired,Ambulatory,2025-09-22,Potential
P100325,Rowan Thompson,rowan.thompson@example.com,BEL-LG,No,Expired,Ambulatory,2025-09-26,Not Potential
P100327,Harper Davis,harper.davis@mailinator.com,EDI-EX,No,Revoked,Neurodivergent,2025-02-03,Not Potential
P100328,Elliot Jackson,elliot.jackson@testmail.co,LDS-AR,No,Approved,Wheelchair,2025-09-26,Not Potential
P100329,Harper Jones,harper.jones@example.com,GLW-CL,No,Revoked,Other,2025-02-26,Not Potential
P100330,Reese Anderson,reese.anderson@testmail.co,LDS-AR,Yes,Pending,Ambulatory,2025-05-13,Potential
P100331,Parker Taylor,parker.taylor@example.com,CDF-BY,No,Approved,Wheelchair,2025-05-12,Not Potential
P100333,Charlie Rodriguez,charlie.rodriguez@mailinator.com,CDF-BY,Yes,Approved,Neurodivergent,2025-07-24,Not Potential
P100334,Skyler Anderson,skyler.anderson@example.com,NRW-QP,Yes,Pending,Ambulatory,2025-09-19,Potential
P100335,Casey Davis,casey.davis@example.com,MCR-CC,No,Pending,Ambulatory,2025-08-17,Not Potential
P100337,Avery Williams,avery.williams@testmail.co,LDN-HQ,No,Pending,Category Not Specified,2025-04-21,Not Potential
P100339,Parker Smith,parker.smith@example.com,LDS-AR,No,Pending,Wheelchair,2025-05-14,Not Potential
P100340,Drew Hernandez,drew.hernandez@testmail.co,MCH-CC,No,Expired,Ambulatory,2025-02-01,Not Potential
P100341,Drew Jackson,drew.jackson@mailinator.com,GLW-CL,No,Approved,Ambulatory,2025-05-21,Not Potential
P100342,Avery Rodriguez,avery.rodriguez@mailinator.com,LDS-AR,Yes,Approved,Ambulatory,2025-07-22,Not Potential
P100343,Jordan Smith,jordan.smith@mailinator.com,BEL-LG,No,Approved,Ambulatory,2025-01-19,Not Potential
P100344,Cameron Davis,cameron.davis@testmail.co,MCH-CC,No,Approved,Other,2025-06-17,Not Potential
P100345,Morgan Jackson,morgan.jackson@example.com,LDS-AR,Yes,Approved,VisionImpaired,2025-03-22,Not Potential
P100346,Jamie Garcia,jamie.garcia@testmail.co,MCH-CC,No,Expired,Ambulatory,2025-05-19,Not Potential
P100347,Taylor Moore,taylor.moore@example.com,GLW-CL,No,Approved,Ambulatory,2025-02-28,Not Potential
P100348,Skyler Wilson,skyler.wilson@testmail.co,LDN-HQ,Yes,Not Available,Ambulatory,2025-08-05,Potential
P100349,Morgan Williams,morgan.williams@testmail.co,BHM-PR,No,Pending,Ambulatory,2025-05-07,Not Potential
P100350,Morgan Thompson,morgan.thompson@example.com,BEL-LG,Yes,Approved,Ambulatory,2025-07-13,Not Potential
P100352,Alex Garcia,alex.garcia@example.com,BHM-PR,Yes,Approved,Ambulatory,2025-02-27,Not Potential
P100353,Jesse Hernandez,jesse.hernandez@mailinator.com,NRW-QP,No,Expired,Category Not Specified,2025-06-16,Not Potential
P100354,Casey Miller,casey.miller@testmail.co,LDN-HQ,No,Approved,Wheelchair,2025-09-06,Not Potential
P100355,Sam Taylor,sam.taylor@mailinator.com,LDS-AR,No,Pending,Ambulatory,2025-02-21,Not Potential
P100356,Sam Brown,sam.brown@testmail.co,BEL-LG,No,Approved,Ambulatory,2025-01-10,Not Potential
P100357,Taylor Martin,taylor.martin@testmail.co,GLW-CL,Yes,Expired,Ambulatory,2025-02-10,Potential
P100358,Taylor Moore,taylor.moore@example.com,GLW-CL,No,Approved,Ambulatory,2025-07-10,Not Potential
P100359,Reese Moore,reese.moore@example.com,BEL-LG,Yes,Pending,Neurodivergent,2025-08-05,Potential
P100360,Skyler Williams,skyler.williams@mailinator.com,BRI-01,No,Approved,Category Not Specified,2025-05-15,Not Potential
P100361,Morgan Johnson,morgan.johnson@testmail.co,BHM-PR,No,Pending,Ambulatory,2025-01-01,Not Potential
P100362,Morgan Martinez,morgan.martinez@testmail.co,BEL-LG,No,Pending,Ambulatory,2025-06-06,Not Potential
P100363,Elliot Hernandez,elliot.hernandez@testmail.co,CDF-BY,Yes,Approved,Neurodivergent,2025-03-04,Not Potential
P100364,Sam Miller,sam.miller@example.com,CDF-BY,Yes,Pending,Ambulatory,2025-07-25,Potential
P100365,Alex Jones,alex.jones@testmail.co,BEL-LG,No,Approved,Ambulatory,2025-06-01,Not Potential
P100366,Skyler Thompson,skyler.thompson@mailinator.com,GLW-CL,No,Expired,Ambulatory,2025-02-14,Not Potential
P100367,Riley Moore,riley.moore@testmail.co,CDF-BY,Yes,Revoked,Ambulatory,2025-01-21,Potential
P100368,Skyler Moore,skyler.moore@testmail.co,EDI-EX,Yes,Approved,Category Not Specified,2025-01-17,Not Potential
P100369,Elliot Taylor,elliot.taylor@example.com,BRI-01,Yes,Approved,HearingImpaired,2025-08-11,Not Potential
P100370,Rowan Smith,rowan.smith@example.com,CDF-BY,No,Approved,Ambulatory,2025-05-17,Not Potential
P100371,Quinn Martinez,quinn.martinez@testmail.co,LDN-HQ,Yes,Approved,VisionImpaired,2025-08-23,Not Potential
P100372,Quinn Brown,quinn.brown@example.com,MCH-CC,Yes,Not Available,Ambulatory,2025-09-12,Potential
P100373,Sam Miller,sam.miller@testmail.co,EDI-EX,No,Approved,Ambulatory,2025-04-07,Not Potential
P100374,Elliot Davis,elliot.davis@testmail.co,MCH-CC,Yes,Approved,Other,2025-02-25,Not Potential
P100375,Quinn Thompson,quinn.thompson@mailinator.com,EDI-EX,Yes,Pending,Ambulatory,2025-07-27,Potential
P100376,Skyler Miller,skyler.miller@mailinator.com,GLW-CL,Yes,Approved,Ambulatory,2025-06-17,Not Potential
P100378,Skyler Wilson,skyler.wilson@mailinator.com,NRW-QP,No,Revoked,Ambulatory,2025-04-07,Not Potential
P100380,Drew Jackson,drew.jackson@testmail.co,GLW-CL,No,Approved,Wheelchair,2025-09-10,Not Potential
P100381,Harper Smith,harper.smith@mailinator.com,BRISTOL-01,Yes,Approved,Ambulatory,2025-03-10,Not Potential
P100382,Jordan Johnson,jordan.johnson@mailinator.com,LDS-AR,No,Approved,Ambulatory,2025-09-28,Not Potential
P100383,Reese Taylor,reese.taylor@example.com,NRW-QP,Yes,Approved,Ambulatory,2025-07-13,Not Potential
P100384,Charlie Jackson,charlie.jackson@example.com,LDN-HQ,No,Expired,Neurodivergent,2025-08-27,Not Potential
P100385,Drew Thompson,drew.thompson@mailinator.com,GLW-CL,No,Approved,Ambulatory,2025-02-06,Not Potential
P100386,Skyler Brown,skyler.brown@testmail.co,LDN-HQ,No,Approved,Ambulatory,2025-05-01,Not Potential
P100387,Jordan Johnson,jordan.johnson@example.com,BHM-PR,Yes,Pending,HearingImpaired,2025-05-16,Potential
P100388,Reese Anderson,reese.anderson@example.com,BHM-PR,No,Approved,VisionImpaired,2025-03-14,Not Potential
P100389,Elliot Williams,elliot.williams@testmail.co,MCH-CC,No,Approved,Ambulatory,2025-09-16,Not Potential
P100390,Alex Brown,alex.brown@mailinator.com,BHM-PR,No,Pending,Ambulatory,2025-01-22,Not Potential
P100391,Elliot Brown,elliot.brown@testmail.co,LDS-AR,No,Revoked,HearingImpaired,2025-06-17,Not Potential
P100392,Quinn Moore,quinn.moore@example.com,LDS-AR,No,Approved,Other,2025-03-25,Not Potential
P100393,Alex Williams,alex.williams@example.com,MCH-CC,No,Approved,Ambulatory,2025-07-21,Not Potential
P100394,Jamie Jones,jamie.jones@example.com,BEL-LG,Yes,Approved,Ambulatory,2025-05-18,Not Potential
P100395,Riley Rodriguez,riley.rodriguez@testmail.co,CDF-BY,No,Approved,Ambulatory,2025-02-18,Not Potential
P100396,Parker Williams,parker.williams@mailinator.com,GLW-CL,No,Approved,Ambulatory,2025-05-20,Not Potential
P100397,Quinn Taylor,quinn.taylor@testmail.co,LDN-HQ,Yes,Approved,Ambulatory,2025-09-10,Not Potential
P100398,Jordan Wilson,jordan.wilson@mailinator.com,BHM-PR,Yes,Expired,Ambulatory,2025-01-01,Potential
P100399,Elliot Jackson,elliot.jackson@mailinator.com,BRI-01,No,Revoked,Ambulatory,2025-07-21,Not Potential
P100400,Jordan Miller,jordan.miller@example.com,MCH-CC,No,Approved,Wheelchair,2025-01-28,Not Potential
P100401,Reese Hernandez,reese.hernandez@mailinator.com,NRW-QP,No,Approved,Ambulatory,2025-08-11,Not Potential
P100402,Riley Brown,riley.brown@testmail.co,GLW-CL,No,Approved,Ambulatory,2025-05-23,Not Potential
P100403,Cameron Thompson,cameron.thompson@testmail.co,BHM-PR,No,Approved,VisionImpaired,2025-07-09,Not Potential
P100404,Jordan Martinez,jordan.martinez@testmail.co,BEL-LG,Yes,Approved,Ambulatory,2025-02-27,Not Potential
P100405,Jordan Jackson,jordan.jackson@example.com,LDS-AR,No,Pending,Neurodivergent,2025-09-21,Not Potential
P100406,Cameron Thompson,cameron.thompson@testmail.co,GLW-CL,Yes,Approved,Neurodivergent,2025-09-16,Not Potential
P100407,Jordan Anderson,jordan.anderson@testmail.co,MCH-CC,No,Expired,Ambulatory,2025-09-17,Not Potential
P100408,Drew Martin,drew.martin@example.com,MCH-CC,Yes,Pending,Ambulatory,2025-09-05,Potential
P100409,Morgan Thompson,morgan.thompson@mailinator.com,EDI-EX,Yes,Approved,Ambulatory,2025-08-08,Not Potential
P100410,Drew Garcia,drew.garcia@example.com,MCH-CC,Yes,Approved,Neurodivergent,2025-01-02,Not Potential
P100411,Charlie Brown,charlie.brown@mailinator.com,NRW-QP,No,Pending,Ambulatory,2025-03-13,Not Potential
P100412,Drew Thompson,drew.thompson@mailinator.com,BRI-01,No,Revoked,Ambulatory,2025-06-27,Not Potential
P100413,Rowan Moore,rowan.moore@mailinator.com,LDN-HQ,Yes,Approved,Ambulatory,2025-05-07,Not Potential
P100414,Morgan Anderson,morgan.anderson@mailinator.com,BRI-01,No,Approved,Ambulatory,2025-08-16,Not Potential
P100415,Morgan Thomas,morgan.thomas@example.com,MCH_CC,No,Approved,Ambulatory,2025-03-02,Not Potential
P100416,Morgan Martin,morgan.martin@testmail.co,GLW-CL,No,Expired,Wheelchair,2025-05-03,Not Potential
P100417,Parker Moore,parker.moore@testmail.co,EDI-EX,No,Approved,Ambulatory,2025-03-20,Not Potential
P100418,Avery Miller,avery.miller@mailinator.com,BHM-PR,No,Approved,Ambulatory,2025-03-04,Not Potential
P100419,Skyler Martin,skyler.martin@mailinator.com,CDF-BY,No,Approved,Neurodivergent,2025-01-26,Not Potential
P100420,Taylor Williams,taylor.williams@testmail.co,EDI-EX,No,Approved,Other,2025-07-17,Not Potential
P100421,Sam Martin,sam.martin@testmail.co,MCH-CC,Yes,Pending,Ambulatory,2025-02-14,Potential
P100422,Rowan Garcia,rowan.garcia@example.com,LDS-AR,No,Approved,Ambulatory,2025-01-19,Not Potential
P100423,Skyler Smith,skyler.smith@testmail.co,MCH-CC,No,Approved,Ambulatory,2025-05-09,Not Potential
P100424,Harper Thompson,harper.thompson@testmail.co,GLW-CL,No,Pending,Ambulatory,2025-09-16,Not Potential
P100425,Reese Jackson,reese.jackson@testmail.co,LDS-AR,No,Pending,Ambulatory,2025-03-28,Not Potential
P100426,Taylor Garcia,taylor.garcia@testmail.co,EDI-EX,Yes,Expired,VisionImpaired,2025-01-06,Potential
P100427,Alex Williams,alex.williams@example.com,BEL-LG,No,Approved,Ambulatory,2025-02-20,Not Potential
P100428,Elliot Taylor,elliot.taylor@mailinator.com,NRW-QP,No,Approved,VisionImpaired,2025-03-21,Not Potential
P100429,Alex Davis,alex.davis@mailinator.com,NRW-QP,Yes,Pending,Ambulatory,2025-04-20,Potential
P100430,Sam Anderson,sam.anderson@example.com,LDN-HQ,Yes,Approved,Ambulatory,2025-07-13,Not Potential
P100431,Skyler Smith,skyler.smith@mailinator.com,BRI-01,No,Pending,Ambulatory,2025-06-12,Not Potential
P100432,Avery Garcia,avery.garcia@mailinator.com,MCH-CC,No,Approved,Ambulatory,2025-09-04,Not Potential
P100433,Skyler Wilson,skyler.wilson@testmail.co,BRI-01,No,Expired,HearingImpaired,2025-05-23,Not Potential
P100434,Elliot Thompson,elliot.thompson@testmail.co,MCH-CC,No,Approved,Ambulatory,2025-01-16,Not Potential
P100435,Jamie Taylor,jamie.taylor@mailinator.com,MCH-CC,No,Approved,Category Not Specified,2025-09-18,Not Potential
P100436,Avery Garcia,avery.garcia@testmail.co,BRI-01,No,Approved,Ambulatory,2025-03-16,Not Potential
P100437,Casey Thompson,casey.thompson@testmail.co,EDI-EX,No,Revoked,Ambulatory,2025-04-08,Not Potential
P100438,Avery Davis,avery.davis@example.com,MCH-CC,Yes,Approved,VisionImpaired,2025-02-03,Not Potential
P100439,Rowan White,rowan.white@example.com,NRW-QP,No,Approved,Ambulatory,2025-05-16,Not Potential
P100440,Skyler Rodriguez,skyler.rodriguez@testmail.co,MCH-CC,Yes,Approved,Ambulatory,2025-09-02,Not Potential
P100441,Elliot Miller,elliot.miller@testmail.co,BRI-01,No,Pending,Ambulatory,2025-04-13,Not Potential
P100442,Charlie Anderson,charlie.anderson@mailinator.com,LDS-AR,No,Approved,Category Not Specified,2025-06-12,Not Potential
P100443,Harper Davis,harper.davis@testmail.co,BHM-PR,No,Approved,Ambulatory,2025-04-27,Not Potential
P100444,Avery Garcia,avery.garcia@mailinator.com,CDF-BY,No,Expired,Wheelchair,2025-08-26,Not Potential
P100445,Harper Moore,harper.moore@example.com,NRW-QP,No,Approved,Ambulatory,2025-01-13,Not Potential
P100446,Morgan Johnson,morgan.johnson@example.com,LDS-AR,No,Approved,Ambulatory,2025-06-12,Not Potential
P100448,Jesse Anderson,jesse.anderson@testmail.co,NRW-QP,No,Revoked,Ambulatory,2025-05-15,Not Potential
P100449,Jordan Miller,jordan.miller@mailinator.com,BHM-PR,No,Approved,Neurodivergent,2025-02-06,Not Potential
P100450,Charlie Martinez,charlie.martinez@mailinator.com,LDS-AR,No,Approved,Neurodivergent,2025-06-24,Not Potential
P100451,Quinn Thomas,quinn.thomas@example.com,EDI-EX,Yes,Approved,Ambulatory,2025-02-07,Not Potential
P100452,Taylor Brown,taylor.brown@example.com,BEL-LG,Yes,Approved,VisionImpaired,2025-02-04,Not Potential
P100453,Jordan Williams,jordan.williams@mailinator.com,CDF-BY,No,Approved,Ambulatory,2025-03-17,Not Potential
P100454,Alex Johnson,alex.johnson@mailinator.com,BHM-PR,No,Approved,Category Not Specified,2025-09-09,Not Potential
P100455,Jordan Jackson,jordan.jackson@example.com,GLW-CL,No,Pending,Ambulatory,2025-09-21,Not Potential
P100456,Jesse Anderson,jesse.anderson@testmail.co,NRW-QP,Yes,Approved,Ambulatory,2025-03-10,Not Potential
P100457,Skyler Jones,skyler.jones@testmail.co,LDS-AR,Yes,Revoked,Other,2025-08-10,Potential
P100458,Harper Wilson,harper.wilson@mailinator.com,MCH-CC,No,Approved,Neurodivergent,2025-07-13,Not Potential
P100459,Elliot Taylor,elliot.taylor@example.com,LDS-AR,No,Approved,VisionImpaired,2025-05-10,Not Potential
P100460,Reese Rodriguez,reese.rodriguez@testmail.co,MCH-CC,No,Approved,Ambulatory,2025-08-09,Not Potential
P100461,Rowan Davis,rowan.davis@testmail.co,LDN-HQ,No,Approved,Category Not Specified,2025-05-09,Not Potential
P100462,Quinn Smith,quinn.smith@example.com,BRI-01,Yes,Approved,Ambulatory,2025-08-12,Not Potential
P100463,Sam Martinez,sam.martinez@example.com,EDI-EX,Yes,Approved,Ambulatory,2025-04-27,Not Potential
P100464,Elliot Smith,elliot.smith@example.com,MCH-CC,No,Approved,Category Not Specified,2025-04-15,Not Potential
P100465,Taylor Martin,taylor.martin@mailinator.com,MCH-CC,No,Approved,Ambulatory,2025-01-24,Not Potential
P100466,Skyler Brown,skyler.brown@testmail.co,BEL-LG,No,Expired,Neurodivergent,2025-04-04,Not Potential
P100467,Harper Martinez,harper.martinez@example.com,EDI-EX,No,Approved,Ambulatory,2025-01-19,Not Potential
P100468,Rowan White,rowan.white@example.com,BHM-PR,No,Approved,Wheelchair,2025-06-25,Not Potential
P100469,Sam Anderson,sam.anderson@mailinator.com,EDI-EX,Yes,Approved,Ambulatory,2025-09-26,Not Potential
P100470,Drew Hernandez,drew.hernandez@mailinator.com,MCH-CC,No,Approved,Neurodivergent,2025-08-23,Not Potential
P100471,Jesse Jackson,jesse.jackson@mailinator.com,BEL-LG,No,Approved,Wheelchair,2025-05-28,Not Potential
P100472,Reese Miller,reese.miller@example.com,NRW-QP,No,Approved,Ambulatory,2025-01-25,Not Potential
P100473,Elliot Miller,elliot.miller@example.com,GLW-CL,Yes,Approved,Wheelchair,2025-09-27,Not Potential
P100474,Skyler Moore,skyler.moore@mailinator.com,EDI-EX,No,Pending,Ambulatory,2025-09-22,Not Potential
P100475,Jordan Miller,jordan.miller@example.com,MCH-CC,No,Approved,Ambulatory,2025-07-22,Not Potential
P100476,Parker Thompson,parker.thompson@testmail.co,LDN-HQ,No,Approved,Other,2025-04-21,Not Potential
P100477,Jamie Hernandez,jamie.hernandez@mailinator.com,LDN-HQ,No,Revoked,HearingImpaired,2025-01-27,Not Potential
P100478,Skyler Johnson,skyler.johnson@mailinator.com,BRI-01,Yes,Approved,Ambulatory,2025-02-24,Not Potential
P100480,Cameron Anderson,cameron.anderson@mailinator.com,BEL-LG,No,Approved,VisionImpaired,2025-09-13,Not Potential
P100481,Morgan Jackson,morgan.jackson@mailinator.com,BEL-LG,No,Approved,Category Not Specified,2025-06-14,Not Potential
P100482,Harper Martinez,harper.martinez@mailinator.com,MCH-CC,No,Pending,Other,2025-05-12,Not Potential
P100483,Quinn Taylor,quinn.taylor@example.com,LDN-HQ,No,Approved,Category Not Specified,2025-05-01,Not Potential
P100484,Riley Davis,riley.davis@testmail.co,LDN-HQ,No,Expired,Neurodivergent,2025-09-18,Not Potential
P100485,Cameron Jones,cameron.jones@example.com,LDN-HQ,No,Approved,Neurodivergent,2025-04-08,Not Potential
P100486,Jesse Williams,jesse.williams@mailinator.com,CDF-BY,No,Approved,Ambulatory,2025-08-06,Not Potential
P100487,Cameron Brown,cameron.brown@mailinator.com,LDS AR,No,Expired,Neurodivergent,2025-06-12,Not Potential
P100488,Harper Thomas,harper.thomas@example.com,MCH-CC,No,Revoked,Ambulatory,2025-07-02,Not Potential
P100489,Sam Martinez,sam.martinez@mailinator.com,GLW-CL,Yes,Approved,Ambulatory,2025-07-15,Not Potential
P100490,Cameron Martin,cameron.martin@example.com,MCH-CC,Yes,Approved,Ambulatory,2025-08-19,Not Potential
P100491,Reese Taylor,reese.taylor@testmail.co,BRI-01,No,Pending,VisionImpaired,2025-08-18,Not Potential
P100492,Elliot Thompson,elliot.thompson@example.com,NRW-QP,No,Approved,Ambulatory,2025-07-11,Not Potential
P100493,Cameron Williams,cameron.williams@example.com,CDF-BY,No,Approved,Ambulatory,2025-01-25,Not Potential
P100494,Drew White,drew.white@testmail.co,GLW-CL,Yes,Expired,Ambulatory,2025-06-05,Potential
P100495,Jamie Brown,jamie.brown@mailinator.com,LDN-HQ,No,Approved,HearingImpaired,2025-05-01,Not Potential
P100496,Taylor Wilson,taylor.wilson@testmail.co,BEL-LG,No,Approved,Ambulatory,2025-05-18,Not Potential
P100497,Jordan Smith,jordan.smith@testmail.co,GLW-CL,Yes,Approved,Ambulatory,2025-04-26,Not Potential
P100498,Avery Johnson,avery.johnson@testmail.co,LDN-HQ,No,Pending,Neurodivergent,2025-06-28,Not Potential
P100499,Jesse Taylor,jesse.taylor@example.com,CDF-BY,No,Revoked,Ambulatory,2025-09-03,Not Potential
P100500,Skyler Hernandez,skyler.hernandez@mailinator.com,LDN HQ,No,Approved,Wheelchair,2025-01-12,Not Potential
P100501,Drew Wilson,drew.wilson@example.com,NRW-QP,Yes,Approved,Ambulatory,2025-01-18,Not Potential
P100502,Riley Jones,riley.jones@testmail.co,CDF-BY,Yes,Approved,Category Not Specified,2025-04-14,Not Potential
P100503,Jordan Thomas,jordan.thomas@testmail.co,GLW-CL,No,Approved,Ambulatory,2025-09-22,Not Potential
P100504,Jordan Wilson,jordan.wilson@mailinator.com,NRW-QP,No,Revoked,VisionImpaired,2025-03-11,Not Potential
P100505,Reese Brown,reese.brown@example.com,BHM-PR,Yes,Approved,Ambulatory,2025-07-14,Not Potential
P100506,Avery Jones,avery.jones@example.com,BRI-01,Yes,Not Available,Ambulatory,2025-04-20,Potential
P100507,Alex Anderson,alex.anderson@example.com,BEL-LG,Yes,Approved,Ambulatory,2025-03-28,Not Potential
P100509,Casey Davis,casey.davis@example.com,EDI-EX,No,Expired,Ambulatory,2025-06-28,Not Potential
P100510,Riley Thomas,riley.thomas@testmail.co,LDN-HQ,Yes,Pending,Ambulatory,2025-09-17,Potential
P100511,Sam Martin,sam.martin@example.com,BEL-LG,No,Expired,Ambulatory,2025-09-13,Not Potential
P100512,Sam Jackson,sam.jackson@testmail.co,NRW-QP,No,Approved,Ambulatory,2025-05-25,Not Potential
P100513,Quinn Miller,quinn.miller@testmail.co,LDS-AR,Yes,Approved,Ambulatory,2025-08-03,Not Potential
P100514,Taylor Miller,taylor.miller@mailinator.com,NRW-QP,No,Approved,Ambulatory,2025-04-15,Not Potential
P100515,Charlie Miller,charlie.miller@mailinator.com,BRI-01,No,Pending,Ambulatory,2025-07-24,Not Potential
P100516,Skyler White,skyler.white@example.com,CDF-BY,Yes,Approved,Ambulatory,2025-03-06,Not Potential
P100517,Morgan Johnson,morgan.johnson@testmail.co,LDS-AR,No,Approved,Ambulatory,2025-02-05,Not Potential
P100518,Alex White,alex.white@testmail.co,LDN-HQ,No,Approved,Ambulatory,2025-08-08,Not Potential
P100519,Rowan Hernandez,rowan.hernandez@testmail.co,BEL-LG,No,Approved,Ambulatory,2025-09-27,Not Potential
P100520,Sam Miller,sam.miller@example.com,LDN-HQ,Yes,Expired,Wheelchair,2025-05-11,Potential
P100521,Sam Brown,sam.brown@testmail.co,EDI-EX,No,Pending,Wheelchair,2025-09-06,Not Potential
P100522,Cameron Anderson,cameron.anderson@example.com,BRI-01,No,Revoked,HearingImpaired,2025-07-27,Not Potential
P100523,Jesse Moore,jesse.moore@example.com,BRI-01,No,Approved,Ambulatory,2025-04-20,Not Potential
P100524,Cameron Martin,cameron.martin@example.com,BEL-LG,No,Expired,Wheelchair,2025-07-20,Not Potential
P100525,Avery Martin,avery.martin@mailinator.com,GLW-CL,Yes,Pending,Ambulatory,2025-08-16,Potential
P100526,Parker Garcia,parker.garcia@mailinator.com,LDS-AR,Yes,Approved,Ambulatory,2025-02-24,Not Potential
P100527,Parker Thomas,parker.thomas@testmail.co,LDN-HQ,No,Pending,Ambulatory,2025-04-23,Not Potential
P100528,Jamie Wilson,jamie.wilson@testmail.co,NRW-QP,No,Approved,Ambulatory,2025-07-24,Not Potential
P100529,Alex Miller,alex.miller@example.com,BHM-PR,No,Approved,Ambulatory,2025-01-21,Not Potential
P100530,Jordan Hernandez,jordan.hernandez@mailinator.com,BHM-PR,Yes,Revoked,Ambulatory,2025-09-10,Potential
P100531,Charlie Jackson,charlie.jackson@mailinator.com,LDN-HQ,No,Expired,Neurodivergent,2025-06-03,Not Potential
P100532,Avery Smith,avery.smith@testmail.co,CDF-BY,Yes,Pending,Ambulatory,2025-02-28,Potential
P100533,Jesse Martinez,jesse.martinez@mailinator.com,LDN-HQ,Yes,Expired,Ambulatory,2025-05-07,Potential
P100534,Morgan Brown,morgan.brown@testmail.co,LDN-HQ,No,Approved,Ambulatory,2025-08-17,Not Potential
P100535,Charlie Moore,charlie.moore@mailinator.com,NRW-QP,No,Pending,Ambulatory,2025-09-22,Not Potential
P100536,Casey Johnson,casey.johnson@testmail.co,CDF-BY,Yes,Approved,Other,2025-02-11,Not Potential
P100537,Sam Brown,sam.brown@mailinator.com,LDS-AR,No,Approved,Ambulatory,2025-05-09,Not Potential
P100538,Quinn Brown,quinn.brown@testmail.co,EDI-EX,Yes,Not Available,Ambulatory,2025-02-07,Potential
P100539,Reese Martinez,reese.martinez@testmail.co,EDI-EX,Yes,Pending,Ambulatory,2025-05-20,Potential
P100540,Reese Hernandez,reese.hernandez@example.com,EDI EX,Yes,Approved,Ambulatory,2025-07-06,Not Potential
P100541,Cameron Hernandez,cameron.hernandez@mailinator.com,BHM-PR,Yes,Pending,Wheelchair,2025-09-03,Potential
P100542,Quinn Thompson,quinn.thompson@example.com,BRI-01,No,Approved,Ambulatory,2025-08-16,Not Potential
P100543,Riley Jones,riley.jones@mailinator.com,LDS-AR,No,Pending,Ambulatory,2025-06-15,Not Potential
P100544,Jamie Moore,jamie.moore@example.com,BHM-PR,Yes,Approved,Ambulatory,2025-03-17,Not Potential
P100545,Taylor Martinez,taylor.martinez@mailinator.com,BRI-01,Yes,Approved,Ambulatory,2025-04-18,Not Potential
P100546,Rowan Taylor,rowan.taylor@example.com,BHM-PR,No,Approved,Category Not Specified,2025-06-18,Not Potential
P100547,Morgan Williams,morgan.williams@mailinator.com,GLW-CL,Yes,Pending,Ambulatory,2025-02-27,Potential
P100548,Jesse Taylor,jesse.taylor@example.com,GLW-CL,Yes,Pending,Ambulatory,2025-08-21,Potential
P100549,Jamie Davis,jamie.davis@example.com,GLW-CL,No,Approved,Ambulatory,2025-03-15,Not Potential
P100550,Elliot White,elliot.white@mailinator.com,BEL-LG,No,Approved,Ambulatory,2025-05-14,Not Potential
P100551,Drew Williams,drew.williams@mailinator.com,LDN-HQ,Yes,Expired,HearingImpaired,2025-01-12,Potential
P100552,Sam Smith,sam.smith@mailinator.com,NRW-QP,No,Expired,Neurodivergent,2025-04-14,Not Potential
P100553,Elliot Martinez,elliot.martinez@mailinator.com,CDF-BY,No,Approved,Ambulatory,2025-03-07,Not Potential
P100554,Drew Thomas,drew.thomas@example.com,LDS-AR,No,Approved,Ambulatory,2025-01-05,Not Potential
P100555,Rowan Thomas,rowan.thomas@example.com,BRI-01,Yes,Expired,Neurodivergent,2025-07-20,Potential
P100556,Skyler Thomas,skyler.thomas@mailinator.com,BEL-LG,No,Approved,Ambulatory,2025-08-28,Not Potential
P100557,Skyler Rodriguez,skyler.rodriguez@testmail.co,NRW-QP,Yes,Approved,Ambulatory,2025-06-04,Not Potential
P100558,Jamie Jones,jamie.jones@mailinator.com,NRW-QP,No,Expired,Ambulatory,2025-02-17,Not Potential
P100559,Jamie Garcia,jamie.garcia@testmail.co,BRI-01,No,Pending,Ambulatory,2025-06-18,Not Potential
P100560,Rowan Hernandez,rowan.hernandez@mailinator.com,BEL-LG,No,Approved,Category Not Specified,2025-05-10,Not Potential
P100561,Parker Wilson,parker.wilson@mailinator.com,GLW-CL,No,Pending,Ambulatory,2025-05-26,Not Potential
P100562,Alex Wilson,alex.wilson@testmail.co,BRI-01,Yes,Expired,Ambulatory,2025-05-09,Potential
P100563,Alex Brown,alex.brown@mailinator.com,EDI-EX,No,Pending,Ambulatory,2025-03-09,Not Potential
P100564,Riley Moore,riley.moore@example.com,NRW-QP,No,Approved,Ambulatory,2025-03-27,Not Potential
P100565,Harper Taylor,harper.taylor@example.com,BEL-LG,No,Pending,HearingImpaired,2025-01-21,Not Potential
P100566,Taylor Johnson,taylor.johnson@example.com,BEL-LG,No,Pending,Wheelchair,2025-09-08,Not Potential
P100567,Elliot Moore,elliot.moore@testmail.co,EDI-EX,No,Approved,VisionImpaired,2025-07-22,Not Potential
P100568,Skyler Johnson,skyler.johnson@example.com,NRW-QP,No,Approved,Neurodivergent,2025-05-11,Not Potential
P100569,Taylor Rodriguez,taylor.rodriguez@mailinator.com,GLW-CL,Yes,Pending,Wheelchair,2025-04-17,Potential
P100570,Morgan Martinez,morgan.martinez@mailinator.com,LDN-HQ,Yes,Approved,Ambulatory,2025-02-22,Not Potential
P100571,Riley Wilson,riley.wilson@testmail.co,MCH_CC,Yes,Revoked,Ambulatory,2025-04-20,Potential
P100572,Taylor Williams,taylor.williams@mailinator.com,EDI-EX,No,Pending,VisionImpaired,2025-03-04,Not Potential
P100573,Avery Wilson,avery.wilson@testmail.co,BRI-01,No,Approved,Ambulatory,2025-06-09,Not Potential
P100574,Jamie Rodriguez,jamie.rodriguez@example.com,CDF-BY,No,Approved,HearingImpaired,2025-03-15,Not Potential
P100575,Casey White,casey.white@testmail.co,EDI-EX,Yes,Approved,Ambulatory,2025-02-15,Not Potential
P100576,Taylor Johnson,taylor.johnson@example.com,BRI-01,No,Approved,Neurodivergent,2025-03-21,Not Potential
P100577,Sam Taylor,sam.taylor@testmail.co,EDI-EX,No,Pending,Ambulatory,2025-08-16,Not Potential
P100578,Jamie Jackson,jamie.jackson@example.com,LDN-HQ,No,Expired,Ambulatory,2025-09-12,Not Potential
P100579,Jesse Taylor,jesse.taylor@example.com,BRI-01,No,Approved,HearingImpaired,2025-05-21,Not Potential
P100580,Reese Johnson,reese.johnson@testmail.co,MCH-CC,No,Approved,Wheelchair,2025-08-03,Not Potential
P100581,Quinn Davis,quinn.davis@example.com,LDN-HQ,No,Pending,Ambulatory,2025-02-26,Not Potential
P100582,Jesse Moore,jesse.moore@mailinator.com,BEL-LG,Yes,Approved,Ambulatory,2025-01-13,Not Potential
P100583,Skyler Hernandez,skyler.hernandez@mailinator.com,NRW-QP,No,Revoked,Ambulatory,2025-03-16,Not Potential
P100584,Rowan White,rowan.white@example.com,MCH-CC,Yes,Approved,Ambulatory,2025-05-27,Not Potential
P100585,Quinn White,quinn.white@example.com,GLW-CL,Yes,Approved,Ambulatory,2025-04-03,Not Potential
P100586,Harper Martinez,harper.martinez@mailinator.com,CDF-BY,No,Pending,Ambulatory,2025-04-25,Not Potential
P100587,Morgan Martinez,morgan.martinez@example.com,BRI-01,No,Approved,Ambulatory,2025-03-15,Not Potential
P100588,Cameron Johnson,cameron.johnson@example.com,BRI-01,No,Approved,Ambulatory,2025-08-03,Not Potential
P100589,Morgan Williams,morgan.williams@mailinator.com,GLW-CL,No,Expired,VisionImpaired,2025-03-07,Not Potential
P100590,Avery Martin,avery.martin@testmail.co,CDF-BY,No,Pending,Ambulatory,2025-08-20,Not Potential
P100592,Reese Martin,reese.martin@example.com,BEL-LG,No,Approved,Ambulatory,2025-03-22,Not Potential
P100593,Rowan Moore,rowan.moore@example.com,EDI-EX,Yes,Pending,Ambulatory,2025-07-09,Potential
P100594,Quinn Johnson,quinn.johnson@example.com,LDN-HQ,No,Expired,Ambulatory,2025-02-03,Not Potential
P100595,Quinn Thompson,quinn.thompson@mailinator.com,BHM-PR,No,Revoked,Ambulatory,2025-02-11,Not Potential
P100596,Riley Thomas,riley.thomas@example.com,CDF-BY,Yes,Pending,Ambulatory,2025-07-05,Potential
P100597,Parker Hernandez,parker.hernandez@example.com,CDF-BY,No,Approved,Ambulatory,2025-05-07,Not Potential
P100598,Sam Thompson,sam.thompson@example.com,LDS-AR,No,Approved,Ambulatory,2025-06-08,Not Potential
P100599,Parker Miller,parker.miller@mailinator.com,GLW-CL,No,Approved,Ambulatory,2025-07-28,Not Potential
P100600,Casey Thompson,casey.thompson@testmail.co,BEL-LG,No,Pending,Ambulatory,2025-06-14,Not Potential
P100601,Cameron Jones,cameron.jones@mailinator.com,LDN-HQ,Yes,Not Available,Wheelchair,2025-09-02,Potential
P100602,Elliot Moore,elliot.moore@mailinator.com,BRI-01,No,Pending,Ambulatory,2025-07-07,Not Potential
P100603,Jesse Garcia,jesse.garcia@mailinator.com,BRI_01,No,Pending,Neurodivergent,2025-01-15,Not Potential
P100604,Jordan Taylor,jordan.taylor@example.com,BHM-PR,No,Approved,Ambulatory,2025-07-23,Not Potential
P100605,Sam Wilson,sam.wilson@testmail.co,LDS-AR,No,Pending,Ambulatory,2025-02-20,Not Potential
P100606,Sam Martin,sam.martin@mailinator.com,BHM-PR,Yes,Approved,Ambulatory,2025-06-12,Not Potential
P100607,Reese Williams,reese.williams@mailinator.com,MCH-CC,No,Approved,Ambulatory,2025-04-25,Not Potential
P100608,Riley Martinez,riley.martinez@testmail.co,LDS-AR,No,Approved,Ambulatory,2025-08-16,Not Potential
P100609,Taylor Moore,taylor.moore@mailinator.com,NRW-QP,Yes,Approved,Ambulatory,2025-02-07,Not Potential
P100611,Rowan Jones,rowan.jones@example.com,NRW-QP,Yes,Approved,Wheelchair,2025-03-16,Not Potential
P100612,Quinn Smith,quinn.smith@testmail.co,MCH-CC,No,Approved,Other,2025-06-14,Not Potential
P100613,Charlie Moore,charlie.moore@mailinator.com,NRW-QP,No,Approved,Ambulatory,2025-05-06,Not Potential
P100614,Riley Moore,riley.moore@testmail.co,LDS-AR,Yes,Approved,Ambulatory,2025-03-20,Not Potential
P100615,Reese Wilson,reese.wilson@example.com,EDI-EX,No,Pending,Ambulatory,2025-04-04,Not Potential
P100616,Charlie Thompson,charlie.thompson@example.com,BEL-LG,No,Pending,Ambulatory,2025-06-12,Not Potential
P100617,Quinn Jackson,quinn.jackson@example.com,NRW-QP,No,Approved,Ambulatory,2025-03-15,Not Potential
P100618,Jordan Smith,jordan.smith@mailinator.com,NRW-QP,No,Pending,Ambulatory,2025-05-25,Not Potential
P100619,Cameron Jones,cameron.jones@mailinator.com,BEL-LG,Yes,Approved,Ambulatory,2025-09-04,Not Potential
P100620,Elliot White,elliot.white@example.com,BEL-LG,No,Pending,Ambulatory,2025-09-08,Not Potential
P100621,Avery Davis,avery.davis@example.com,BRI-01,No,Pending,Ambulatory,2025-09-13,Not Potential
P100622,Charlie White,charlie.white@mailinator.com,NRW-QP,No,Approved,Ambulatory,2025-07-12,Not Potential
P100623,Alex Wilson,alex.wilson@testmail.co,BHM-PR,No,Pending,Ambulatory,2025-08-24,Not Potential
P100624,Quinn Wilson,quinn.wilson@example.com,CDF-BY,No,Expired,Ambulatory,2025-03-07,Not Potential
P100625,Skyler Martinez,skyler.martinez@example.com,GLW-CL,Yes,Approved,Neurodivergent,2025-07-06,Not Potential
P100626,Cameron Jones,cameron.jones@example.com,EDI-EX,No,Approved,HearingImpaired,2025-05-27,Not Potential
P100627,Rowan Jackson,rowan.jackson@mailinator.com,BEL-LG,Yes,Approved,Ambulatory,2025-08-04,Not Potential
P100628,Jesse Thomas,jesse.thomas@example.com,BEL-LG,No,Approved,VisionImpaired,2025-08-03,Not Potential
P100629,Drew Thompson,drew.thompson@testmail.co,GLW-CL,No,Pending,Category Not Specified,2025-02-12,Not Potential
P100630,Cameron Smith,cameron.smith@testmail.co,EDI-EX,Yes,Approved,Wheelchair,2025-06-06,Not Potential
P100631,Drew Thomas,drew.thomas@mailinator.com,BHM-PR,Yes,Revoked,Ambulatory,2025-03-25,Potential
P100632,Morgan Jackson,morgan.jackson@testmail.co,BHM-PR,No,Approved,Wheelchair,2025-06-04,Not Potential
P100633,Drew Jones,drew.jones@example.com,EDI-EX,No,Approved,Ambulatory,2025-03-04,Not Potential
P100634,Skyler Garcia,skyler.garcia@example.com,NRW-QP,Yes,Approved,Ambulatory,2025-09-23,Not Potential
P100635,Taylor Thomas,taylor.thomas@testmail.co,BRI-01,Yes,Approved,Ambulatory,2025-06-05,Not Potential
P100636,Parker Martin,parker.martin@testmail.co,EDI-EX,Yes,Expired,Ambulatory,2025-03-23,Potential
P100637,Jordan Davis,jordan.davis@example.com,BRI-01,No,Approved,Ambulatory,2025-08-25,Not Potential
P100638,Casey Brown,casey.brown@example.com,NRW-QP,Yes,Revoked,Ambulatory,2025-05-22,Potential
P100639,Taylor Brown,taylor.brown@mailinator.com,MCH-CC,No,Pending,Ambulatory,2025-03-28,Not Potential
P100640,Avery Thompson,avery.thompson@testmail.co,BHM-PR,Yes,Pending,Ambulatory,2025-02-04,Potential
P100641,Alex Martin,alex.martin@example.com,MCH-CC,No,Pending,Ambulatory,2025-02-07,Not Potential
P100642,Rowan Anderson,rowan.anderson@mailinator.com,GLW-CL,No,Approved,HearingImpaired,2025-07-14,Not Potential
P100643,Riley Thomas,riley.thomas@example.com,BHM-PR,Yes,Approved,VisionImpaired,2025-05-18,Not Potential
P100644,Jamie Martinez,jamie.martinez@testmail.co,BRI-01,No,Pending,Wheelchair,2025-08-08,Not Potential
P100645,Jesse Thomas,jesse.thomas@example.com,BRI-01,Yes,Revoked,Ambulatory,2025-01-22,Potential
P100646,Taylor Taylor,taylor.taylor@testmail.co,NRW-QP,Yes,Approved,Ambulatory,2025-02-24,Not Potential
P100649,Quinn Brown,quinn.brown@example.com,LDS-AR,No,Revoked,Ambulatory,2025-01-27,Not Potential
P100650,Alex Miller,alex.miller@testmail.co,GLW-CL,Yes,Pending,Ambulatory,2025-02-22,Potential
