person_id,full_name,email,property_code,peep_required,peep_status,mobility_category,last_review_date
P100001,Taylor Smith,taylor.smith@mailinator.com,LDS-AR,Y,Approved,Wheelchair,2025-09-03
P100002,Sam Smith,sam.smith@example.com,MCH-CC,No,Pending,Wheelchair,2025-09-14
P100003,Cameron Rodriguez,cameron.rodriguez@example.com,EDI-EX,N,Approved,,04/06/2025
P100004,Taylor Anderson,taylor.anderson@testmail.co,GLW-CL,Y,Approved,Ambulatory,2025-07-03
P100005,Parker Anderson,parker.anderson@mailinator.com,MCH-CC,Y,Approved,Ambulatory,2025-02-28
P100006,Taylor Taylor,taylor.taylor@testmail.co,BEL-LG,N,Approved,Ambulatory,2025-05-23
P100007,Jamie White,jamie.white@mailinator.com,EDI-EX,N,Approved,Ambulatory,2025-09-08
P100008,Sam Garcia,sam.garcia@example.com,BHM-PR,Y,Revoked,Ambulatory,2025-06-07
P100009,Elliot Hernandez,elliot.hernandez@example.com,LDS-AR,No,Approved,Wheelchair,2025-07-19
P100010,Riley Jones,riley.jones@mailinator.com,BEL-LG,Y,Approved,Ambulatory,20/07/2025
P100011,Elliot White,elliot.white@testmail.co,NRW-QP,No,Revoked,Wheelchair,2025-02-22
P100012,Avery Martinez,avery.martinez@example.com,LDS-AR,N,,Neurodivergent,2025-05-17
P100013,Skyler Brown,skyler.brown@mailinator.com,LDS-AR,Yes,Approved,Ambulatory,2025-03-18
P100014,Skyler Smith,skyler.smith@mailinator.com,BHM-PR,Y,Approved,,08/05/2025
P100015,Cameron Williams,cameron.williams@example.com,BEL-LG,False,Approved,Ambulatory,2025-08-18
P100016,Skyler White,skyler.white@testmail.co,MCH-CC,No,Pending,Wheelchair,2025-07-22
P100017,Quinn Martin,quinn.martin@testmail.co,BRI-01,Y,Approved,Ambulatory,01/04/2025
P100018,Sam Garcia,sam.garcia@example.com,LDN-HQ,Y,Approved,Wheelchair,2025-04-18
P100019,Cameron Thompson,cameron.thompson@testmail.co,MCH-CC,TRUE,Approved,Ambulatory,2025-07-12
P100020,Quinn Johnson,quinn.johnson@mailinator.com,BRI-01,No,Expired,Ambulatory,2025-04-07
P100021,Jordan Thomas,jordan.thomas@example.com,LDS-AR,False,Approved,VisionImpaired,04/09/2025
P100022,Reese Smith,reese.smith@example.com,MCH-CC,Yes,Approved,Ambulatory,2025-01-06
P100023,Elliot Rodriguez,elliot.rodriguez@testmail.co,LDS-AR,False,,Ambulatory,2025-08-05
P100024,Casey Johnson,casey.johnson@mailinator.com,NRW-QP,N,Approved,Ambulatory,06/09/2025
P100025,Skyler Williams,skyler.williams@example.com,BRI-01,No,Approved,Ambulatory,2025-04-19
P100026,Parker Williams,parker.williams@testmail.co,GLW-CL,N,Approved,Wheelchair,2025-06-08
P100027,Jordan Wilson,jordan.wilson@testmail.co,BHM-PR,False,Approved,Ambulatory,2025-02-03
P100028,Skyler Rodriguez,skyler.rodriguez@example.com,BHM-PR,False,Approved,Ambulatory,2025-09-23
P100029,Skyler Smith,skyler.smith@mailinator.com,NRW-QP,No,Revoked,Ambulatory,2025-02-04
P100030,Jordan Rodriguez,jordan.rodriguez@testmail.co,GLW-CL,N,Pending,HearingImpaired,2025-09-16
P100031,Sam Williams,sam.williams@mailinator.com,CDF-BY,Y,Approved,Ambulatory,2025-05-06
P100032,Reese Thomas,reese.thomas@mailinator.com,LDN-HQ,False,Pending,Ambulatory,2025-01-27
P100033,Reese Jones,reese.jones@testmail.co,edi-ex,False,Expired,Neurodivergent,2025-06-07
P100034,Taylor Anderson,taylor.anderson@mailinator.com,CDF-BY,No,Revoked,Ambulatory,2025-03-26
P100035,Harper Smith,harper.smith@example.com,BHM-PR,N,Pending,Wheelchair,2025-04-09
P100036,Taylor Taylor,taylor.taylor@example.com,BEL-LG,TRUE,Approved,Ambulatory,08/04/2025
P100037,Casey Taylor,casey.taylor@testmail.co,LDS-AR,False,Approved,Ambulatory,2025-07-22
P100038,Reese Martinez,reese.martinez@example.com,BRI-01,N,Pending,,2025-01-04
P100039,Drew Martinez,drew.martinez@testmail.co,GLW-CL,Y,Revoked,Ambulatory,2025-01-23
P100040,Skyler Jackson,skyler.jackson@mailinator.com,MCH-CC,Y,Pending,Ambulatory,2025-06-22
P100041,Jesse Martin,jesse.martin@testmail.co,CDF-BY,No,Approved,Ambulatory,2025-07-22
P100042,Morgan White,morgan.white@mailinator.com,LDS-AR,TRUE,Approved,Ambulatory,2025-06-15
P100043,Casey Martin,casey.martin@testmail.co,EDI-EX,N,Pending,Ambulatory,2025-02-27
P100044,Riley Wilson,riley.wilson@example.com,MCH-CC,Y,,Ambulatory,2025-02-15
P100045,Cameron Davis,cameron.davis@mailinator.com,CDF-BY,N,Pending,Ambulatory,2025-02-25
P100046,Morgan Martin,morgan.martin@testmail.co,LDN-HQ,False,Approved,Ambulatory,2025-08-22
P100047,Reese White,reese.white@testmail.co,BEL-LG,No,Approved,HearingImpaired,2025-09-15
P100048,Rowan Hernandez,rowan.hernandez@testmail.co,MCH-CC,N,Pending,Ambulatory,2025-04-09
P100049,Jesse Garcia,jesse.garcia@testmail.co,BHM-PR,No,Approved,Ambulatory,2025-03-23
P100050,Harper Thomas,harper.thomas@testmail.co,NRW-QP,Y,Expired,Ambulatory,2025-01-28
P100051,Cameron Taylor,cameron.taylor@testmail.co,LDN-HQ,N,Approved,Neurodivergent,2025-07-18
P100052,Reese White,reese.white@example.com,BEL-LG,N,Approved,Ambulatory,2025-07-24
P100053,Quinn Jones,quinn.jones@mailinator.com,nrw-qp,No,Pending,Ambulatory,2025-07-05
P100054,Morgan Johnson,morgan.johnson@testmail.co,CDF-BY,N,Approved,Neurodivergent,2025-05-25
P100055,Harper Rodriguez,harper.rodriguez@example.com,BEL LG,Y,,Ambulatory,2025-02-25
P100056,Sam Smith,sam.smith@example.com,MCH-CC,No,Approved,Ambulatory,2025-02-19
P100057,Quinn Rodriguez,quinn.rodriguez@testmail.co,EDI-EX,False,Pending,VisionImpaired,2025-03-10
P100058,Alex Wilson,alex.wilson@mailinator.com,CDF-BY,No,Approved,Wheelchair,2025-04-04
P100059,Jesse White,jesse.white@example.com,GLW-CL,N,Approved,Ambulatory,2025-09-21
P100060,Harper Moore,harper.moore@example.com,CDF-BY,No,Expired,Wheelchair,2025-07-06
P100061,Avery White,avery.white@mailinator.com,BEL-LG,TRUE,Pending,Ambulatory,2025-04-27
P100062,Avery Hernandez,avery.hernandez@example.com,BEL-LG,No,Approved,Ambulatory,2025-06-06
P100063,Drew Rodriguez,drew.rodriguez@testmail.co,LDS-AR,No,Approved,Ambulatory,2025-04-03
P100064,Harper Moore,harper.moore@mailinator.com,MCH-CC,No,Approved,VisionImpaired,2025-02-10
P100065,Riley Wilson,riley.wilson@mailinator.com,GLW-CL,No,Approved,,2025-09-11
P100066,Quinn Rodriguez,quinn.rodriguez@testmail.co,LDS-AR,No,Approved,Wheelchair,2025-03-07
P100067,Rowan Rodriguez,rowan.rodriguez@mailinator.com,GLW-CL,Yes,Approved,Ambulatory,2025-04-10
P100068,Morgan Wilson,morgan.wilson@example.com,NRW-QP,Y,Approved,Ambulatory,2025-03-21
P100069,Rowan Brown,rowan.brown@example.com,GLW-CL,Yes,Approved,,2025-05-28
P100070,Jamie Taylor,jamie.taylor@testmail.co,BRI-01,No,Approved,HearingImpaired,2025-05-03
P100071,Taylor Jackson,taylor.jackson@testmail.co,GLW-CL,No,Pending,Ambulatory,2025-08-10
P100072,Harper Wilson,harper.wilson@mailinator.com,GLW-CL,False,Approved,VisionImpaired,2025-04-09
P100073,Morgan Garcia,morgan.garcia@example.com,NRW-QP,Y,Approved,Ambulatory,2025-05-02
P100074,Jesse Hernandez,jesse.hernandez@example.com,MCH-CC,TRUE,Pending,Ambulatory,2025-04-14
P100075,Riley Jones,riley.jones@testmail.co,EDI-EX,N,Approved,Wheelchair,2025-05-15
P100076,Jesse Taylor,jesse.taylor@testmail.co,NRW-QP,N,Pending,Neurodivergent,2025-06-20
P100077,Jamie Garcia,jamie.garcia@mailinator.com,GLW-CL,Y,Pending,HearingImpaired,2025-01-25
P100078,Rowan Martin,rowan.martin@mailinator.com,BEL-LG,N,Pending,Ambulatory,2025-08-03
P100079,Harper Martinez,harper.martinez@testmail.co,BRI-01,N,Pending,Ambulatory,2025-07-27
P100080,Sam Hernandez,sam.hernandez@example.com,BHM-PR,Y,Pending,Neurodivergent,2025-01-22
P100081,Quinn Thomas,quinn.thomas@example.com,MCH-CC,No,Approved,Ambulatory,2025-01-07
P100082,Jordan Wilson,jordan.wilson@testmail.co,BEL-LG,False,Pending,Ambulatory,2025-03-10
P100083,Reese Thomas,reese.thomas@example.com,MCH-CC,False,Approved,Ambulatory,2025-03-16
P100084,Jesse Martin,jesse.martin@mailinator.com,LDS-AR,Yes,Approved,Ambulatory,2025-03-13
P100085,Parker Martin,parker.martin@mailinator.com,EDI-EX,N,Expired,Ambulatory,2025-09-09
P100086,Jesse Wilson,jesse.wilson@mailinator.com,GLW-CL,Yes,Approved,Ambulatory,2025-06-11
P100087,Reese Taylor,reese.taylor@testmail.co,BHM-PR,False,Approved,Ambulatory,2025-07-02
P100088,Rowan Taylor,rowan.taylor@testmail.co,EDI-EX,Y,Approved,Ambulatory,2025-02-28
P100089,Taylor Martin,taylor.martin@testmail.co,LDN-HQ,N,Pending,Ambulatory,2025-08-26
P100090,Charlie White,charlie.white@mailinator.com,CDF-BY,False,Expired,Neurodivergent,2025-07-11
P100091,Rowan Jackson,rowan.jackson@example.com,GLW-CL,No,Revoked,,2025-02-14
P100092,Taylor Hernandez,taylor.hernandez@example.com,LDS-AR,Y,Expired,Ambulatory,2025-06-14
P100093,Skyler Thomas,skyler.thomas@mailinator.com,EDI-EX,Y,Expired,Ambulatory,2025-04-16
P100094,Jordan Garcia,jordan.garcia@testmail.co,LDS-AR,No,Revoked,Ambulatory,2025-05-22
P100095,Jamie Hernandez,jamie.hernandez@testmail.co,GLW-CL,False,Pending,Ambulatory,2025-05-07
P100096,Rowan Brown,rowan.brown@example.com,CDF-BY,No,,Ambulatory,09/07/2025
P100097,Sam White,sam.white@mailinator.com,BEL-LG,False,Pending,Ambulatory,2025-06-08
P100098,Parker Rodriguez,parker.rodriguez@mailinator.com,EDI-EX,False,Pending,Ambulatory,2025-08-02
P100099,Jordan Williams,jordan.williams@testmail.co,BHM-PR,N,Approved,Ambulatory,2025-06-17
P100100,Avery Miller,avery.miller@testmail.co,BEL-LG,N,Expired,VisionImpaired,2025-08-03
P100101,Riley Taylor,riley.taylor@mailinator.com,BHM-PR,N,Approved,Ambulatory,2025-06-22
P100102,Avery Thompson,avery.thompson@testmail.co,BHM-PR,N,Approved,Neurodivergent,2025-09-11
P100103,Riley Williams,riley.williams@mailinator.com,BEL-LG,N,Approved,Ambulatory,2025-01-10
P100104,Taylor Brown,taylor.brown@example.com,NRW-QP,N,Pending,Wheelchair,2025-09-14
P100105,Jordan Thomas,jordan.thomas@mailinator.com,BRI-01,No,Revoked,Ambulatory,2025-06-07
P100106,Riley Anderson,riley.anderson@example.com,BHM-PR,False,Approved,Ambulatory,2025-04-04
P100107,Quinn Williams,quinn.williams@mailinator.com,MCH-CC,No,Approved,VisionImpaired,2025-04-05
P100108,Casey Williams,casey.williams@mailinator.com,MCH-CC,TRUE,Approved,VisionImpaired,2025-01-09
P100109,Jordan Jones,jordan.jones@mailinator.com,LDS-AR,Y,Expired,Ambulatory,2025-06-26
P100110,Cameron Martinez,cameron.martinez@example.com,EDI-EX,Y,Approved,Ambulatory,2025-02-16
P100111,Drew Martin,drew.martin@mailinator.com,BRI-01,N,Pending,Wheelchair,2025-09-10
P100112,Alex Johnson,alex.johnson@testmail.co,CDF-BY,Y,Pending,Ambulatory,2025-02-11
P100113,Jamie Jones,jamie.jones@testmail.co,GLW-CL,No,Approved,,2025-09-10
P100114,Parker Thomas,parker.thomas@example.com,BRI-01,No,Pending,Wheelchair,2025-04-14
P100115,Riley Thomas,riley.thomas@testmail.co,BEL-LG,No,Approved,Ambulatory,2025-05-12
P100116,Rowan Williams,rowan.williams@example.com,BRI-01,Y,Pending,HearingImpaired,2025-09-02
P100117,Reese Jackson,reese.jackson@testmail.co,BRI-01,False,Revoked,Ambulatory,2025-01-10
P100118,Drew Brown,drew.brown@mailinator.com,NRW-QP,No,Approved,Ambulatory,2025-09-12
P100119,Avery Thompson,avery.thompson@example.com,CDF-BY,False,Expired,Ambulatory,2025-09-01
P100120,Avery Smith,avery.smith@example.com,LDS-AR,N,Approved,Ambulatory,2025-03-19
P100121,Jamie Jones,jamie.jones@mailinator.com,LDN-HQ,Yes,Approved,Ambulatory,2025-03-12
P100122,Charlie Thompson,charlie.thompson@mailinator.com,BRI-01,N,Pending,Ambulatory,2025-02-09
P100123,Harper Moore,harper.moore@mailinator.com,BEL-LG,N,Approved,Ambulatory,2025-02-10
P100124,Cameron Moore,cameron.moore@mailinator.com,lds-ar,False,Approved,Ambulatory,2025-04-25
P100125,Avery Wilson,avery.wilson@testmail.co,bri_01,N,Approved,Ambulatory,2025-04-17
P100126,Drew Williams,drew.williams@testmail.co,LDN-HQ,N,Approved,Ambulatory,2025-07-19
P100127,Harper Wilson,harper.wilson@example.com,cdf-by,N,,Ambulatory,2025-06-03
P100128,Taylor Garcia,taylor.garcia@testmail.co,GLW-CL,Y,Expired,Wheelchair,2025-04-11
P100129,Jamie Martin,jamie.martin@mailinator.com,BRI-01,N,Pending,Ambulatory,2025-03-08
P100130,Avery Davis,avery.davis@example.com,GLW-CL,No,Approved,Other,2025-08-15
P100131,Cameron Hernandez,cameron.hernandez@mailinator.com,GLW-CL,False,Approved,,2025-06-05
P100132,Rowan Hernandez,rowan.hernandez@mailinator.com,LDS-AR,No,Approved,Ambulatory,15/08/2025
P100133,Drew Wilson,drew.wilson@example.com,BRI-01,Yes,Approved,Ambulatory,2025-01-15
P100134,Cameron Davis,cameron.davis@testmail.co,GLW-CL,Y,Approved,Ambulatory,23/06/2025
P100135,Morgan Johnson,morgan.johnson@example.com,BEL-LG,Yes,Pending,Ambulatory,2025-05-13
P100136,Charlie White,charlie.white@example.com,BHM-PR,Y,Pending,Ambulatory,11/03/2025
P100137,Jordan Anderson,jordan.anderson@testmail.co,CDF-BY,No,Approved,Ambulatory,2025-06-27
P100138,Skyler Williams,skyler.williams@mailinator.com,CDF-BY,Y,Approved,Other,2025-06-25
P100139,Riley Jones,riley.jones@example.com,BRI-01,TRUE,Approved,Ambulatory,2025-09-02
P100140,Parker Jones,parker.jones@mailinator.com,CDF-BY,N,Pending,Ambulatory,2025-03-24
P100141,Harper Anderson,harper.anderson@mailinator.com,MCH-CC,No,Pending,VisionImpaired,2025-04-18
P100142,Rowan Davis,rowan.davis@testmail.co,GLW-CL,Yes,Approved,Ambulatory,2025-09-14
P100143,Casey White,casey.white@example.com,LDS-AR,Yes,Approved,Other,2025-09-28
P100144,Jamie Miller,jamie.miller@testmail.co,BEL-LG,Y,Approved,Other,2025-04-27
P100145,Drew Smith,drew.smith@testmail.co,LDN-HQ,N,Approved,Ambulatory,2025-04-01
P100146,Taylor Martinez,taylor.martinez@example.com,edi-ex,No,Approved,Wheelchair,20/08/2025
P100147,Jamie Smith,jamie.smith@testmail.co,MCH-CC,No,Pending,Ambulatory,2025-02-25
P100148,Jesse Brown,jesse.brown@example.com,MCH-CC,TRUE,Approved,Ambulatory,2025-08-20
P100149,Skyler Thompson,skyler.thompson@example.com,EDI-EX,Y,Approved,Ambulatory,2025-03-22
P100150,Skyler Anderson,skyler.anderson@example.com,NRW-QP,TRUE,Approved,Ambulatory,2025-08-02
P100151,Drew Rodriguez,drew.rodriguez@mailinator.com,LDN-HQ,Y,Approved,Ambulatory,2025-02-25
P100152,Charlie Jones,charlie.jones@example.com,BHM-PR,TRUE,Approved,VisionImpaired,2025-08-23
P100153,Morgan Jones,morgan.jones@example.com,Belfast Lagan,Y,Approved,Ambulatory,2025-05-17
P100154,Reese Moore,reese.moore@testmail.co,LDN-HQ,N,Approved,VisionImpaired,2025-06-09
P100155,Drew Thomas,drew.thomas@testmail.co,BEL-LG,N,,Ambulatory,2025-08-12
P100156,Skyler Rodriguez,skyler.rodriguez@example.com,CDF-BY,No,Expired,Ambulatory,04/06/2025
P100157,Jesse Wilson,jesse.wilson@testmail.co,GLW-CL,N,Approved,Ambulatory,2025-06-20
P100158,Avery Johnson,avery.johnson@example.com,CDF-BY,TRUE,Pending,,2025-03-28
P100159,Quinn Johnson,quinn.johnson@example.com,BRI-01,No,Approved,Other,2025-01-20
P100160,Quinn Anderson,quinn.anderson@testmail.co,BEL-LG,No,Approved,Ambulatory,2025-05-08
P100161,Alex Miller,alex.miller@testmail.co,NRW-QP,No,Approved,Ambulatory,2025-08-07
P100162,Jesse Moore,jesse.moore@example.com,BRI-01,Y,Approved,Wheelchair,2025-02-26
P100163,Charlie Anderson,charlie.anderson@mailinator.com,BRI-01,N,Approved,Ambulatory,2025-03-26
P100164,Riley Brown,riley.brown@example.com,EDI-EX,Yes,Approved,Ambulatory,2025-08-26
P100165,Jordan White,jordan.white@example.com,BRI-01,False,Pending,Ambulatory,2025-07-27
P100166,Jordan Martinez,jordan.martinez@mailinator.com,BRI-01,No,Approved,Neurodivergent,2025-09-21
P100167,Jordan Thomas,jordan.thomas@mailinator.com,LDN-HQ,Yes,Approved,Ambulatory,2025-04-12
P100168,Skyler Wilson,skyler.wilson@example.com,LDS-AR,False,Approved,Ambulatory,2025-09-03
P100169,Morgan Thompson,morgan.thompson@mailinator.com,EDI-EX,No,Revoked,Ambulatory,2025-01-27
P100170,Jamie Johnson,jamie.johnson@mailinator.com,GLW-CL,N,Pending,Ambulatory,2025-01-16
P100171,Reese Wilson,reese.wilson@mailinator.com,LDS-AR,TRUE,Pending,Ambulatory,23/02/2025
P100172,Quinn Thomas,quinn.thomas@testmail.co,BEL-LG,No,Approved,Wheelchair,2025-06-13
P100173,Drew Martin,drew.martin@mailinator.com,BRI-01,Yes,Approved,Ambulatory,2025-02-02
P100174,Elliot White,elliot.white@testmail.co,MCH-CC,False,Expired,Other,2025-06-07
P100175,Rowan Martin,rowan.martin@testmail.co,BEL-LG,Yes,Approved,Ambulatory,2025-08-08
P100176,Drew Johnson,drew.johnson@example.com,LDS-AR,False,Pending,Ambulatory,2025-09-01
P100177,Harper Jones,harper.jones@testmail.co,BHM-PR,N,Approved,Ambulatory,2025-04-12
P100178,Jamie Taylor,jamie.taylor@mailinator.com,BEL-LG,N,,Wheelchair,2025-02-05
P100179,Elliot Anderson,elliot.anderson@testmail.co,NRW-QP,No,Approved,Ambulatory,02/09/2025
P100180,Jordan Martinez,jordan.martinez@testmail.co,NRW-QP,No,Approved,Ambulatory,2025-06-06
P100181,Parker Wilson,parker.wilson@mailinator.com,BHM-PR,Yes,Approved,Ambulatory,27/08/2025
P100182,Charlie Brown,charlie.brown@testmail.co,GLW-CL,False,Expired,Ambulatory,2025-08-09
P100183,Cameron Thompson,cameron.thompson@example.com,LDN-HQ,N,Pending,Ambulatory,2025-07-05
P100184,Riley Johnson,riley.johnson@mailinator.com,BRI-01,N,Approved,Ambulatory,2025-04-14
P100185,Parker Moore,parker.moore@mailinator.com,LDN-HQ,Yes,Pending,,2025-08-17
P100186,Morgan Hernandez,morgan.hernandez@mailinator.com,BHM-PR,No,Expired,Wheelchair,2025-05-20
P100187,Riley Rodriguez,riley.rodriguez@mailinator.com,LDS-AR,False,Approved,Ambulatory,2025-04-23
P100188,Charlie Moore,charlie.moore@testmail.co,NRW-QP,TRUE,Approved,Ambulatory,2025-09-13
P100189,Elliot Anderson,elliot.anderson@example.com,LDS AR,Y,Revoked,Ambulatory,2025-08-07
P100190,Reese Rodriguez,reese.rodriguez@mailinator.com,LDS-AR,No,Pending,Ambulatory,2025-09-08
P100191,Sam Brown,sam.brown@testmail.co,BHM-PR,Y,Pending,Ambulatory,2025-09-06
P100192,Rowan Moore,rowan.moore@mailinator.com,MCH-CC,N,Approved,Ambulatory,2025-02-21
P100193,Reese Johnson,reese.johnson@example.com,CDF-BY,N,Revoked,,2025-07-26
P100194,Jesse Johnson,jesse.johnson@example.com,LDS-AR,Y,,Ambulatory,2025-09-17
P100195,Jordan Martin,jordan.martin@testmail.co,LDS-AR,Y,Approved,Ambulatory,2025-05-23
P100196,Charlie Wilson,charlie.wilson@mailinator.com,MCH-CC,False,Revoked,HearingImpaired,11/09/2025
P100197,Taylor Miller,taylor.miller@example.com,BEL-LG,N,Approved,Ambulatory,2025-05-11
P100198,Cameron Smith,cameron.smith@testmail.co,BHM-PR,Y,Approved,Ambulatory,2025-07-22
P100199,Jesse Brown,jesse.brown@mailinator.com,LDS-AR,N,,Ambulatory,2025-08-24
P100200,Drew Thomas,drew.thomas@mailinator.com,NRW-QP,No,Expired,HearingImpaired,2025-04-22
P100201,Jamie Martin,jamie.martin@testmail.co,NRW-QP,Y,Pending,Ambulatory,2025-09-17
P100202,Reese Jones,reese.jones@example.com,BHM-PR,N,Pending,Wheelchair,2025-08-03
P100203,Quinn Johnson,quinn.johnson@testmail.co,EDI-EX,N,Approved,Ambulatory,24/05/2025
P100204,Avery Smith,avery.smith@mailinator.com,MCH-CC,Y,Approved,Ambulatory,2025-01-03
P100205,Rowan Johnson,rowan.johnson@testmail.co,CDF-BY,Y,Pending,Wheelchair,2025-07-12
P100206,Elliot Hernandez,elliot.hernandez@testmail.co,CDF-BY,False,Expired,Ambulatory,2025-06-04
P100207,Reese Taylor,reese.taylor@mailinator.com,EDI-EX,N,Approved,Ambulatory,2025-05-15
P100208,Reese Thomas,reese.thomas@mailinator.com,CDF-BY,N,Approved,Ambulatory,2025-02-02
P100209,Harper White,harper.white@example.com,MCH-CC,Y,Approved,Ambulatory,2025-01-08
P100210,Elliot Hernandez,elliot.hernandez@example.com,NRW-QP,False,Approved,Ambulatory,2025-05-08
P100211,Cameron Martinez,cameron.martinez@mailinator.com,GLW-CL,TRUE,Approved,Neurodivergent,2025-09-08
P100212,Avery Johnson,avery.johnson@mailinator.com,GLW-CL,False,Pending,Ambulatory,2025-08-02
P100213,Elliot Martin,elliot.martin@testmail.co,CDF-BY,N,Approved,Ambulatory,2025-04-28
P100214,Jordan Hernandez,jordan.hernandez@example.com,NRW-QP,N,Approved,Ambulatory,2025-05-07
P100215,Jamie Hernandez,jamie.hernandez@testmail.co,BRI-01,TRUE,Approved,Ambulatory,28/01/2025
P100216,Cameron Jackson,cameron.jackson@example.com,BEL-LG,False,Approved,Neurodivergent,2025-04-07
P100217,Taylor Moore,taylor.moore@example.com,GLW-CL,N,Approved,Ambulatory,2025-05-13
P100218,Drew Wilson,drew.wilson@testmail.co,BHM-PR,Yes,Approved,,2025-08-25
P100219,Casey Anderson,casey.anderson@testmail.co,Cardiff Bay,No,Approved,Ambulatory,2025-07-10
P100220,Charlie Garcia,charlie.garcia@testmail.co,GLW-CL,Yes,Pending,Wheelchair,2025-05-25
P100221,Rowan Hernandez,rowan.hernandez@example.com,BHM-PR,No,Approved,Neurodivergent,2025-09-21
P100222,Skyler Johnson,skyler.johnson@example.com,LDN-HQ,N,Expired,Ambulatory,2025-03-01
P100223,Quinn Anderson,quinn.anderson@example.com,GLW-CL,False,Revoked,Ambulatory,2025-01-01
P100224,Harper Smith,harper.smith@example.com,NRW-QP,Yes,Approved,Ambulatory,2025-07-26
P100225,Morgan Brown,morgan.brown@example.com,NRW-QP,N,Approved,HearingImpaired,2025-05-26
P100226,Drew Taylor,drew.taylor@testmail.co,GLW-CL,No,Approved,HearingImpaired,2025-02-21
P100227,Sam Williams,sam.williams@testmail.co,CDF-BY,Yes,Pending,Wheelchair,2025-02-16
P100228,Charlie Thompson,charlie.thompson@example.com,NRW-QP,N,Revoked,Wheelchair,09/08/2025
P100229,Jamie Rodriguez,jamie.rodriguez@mailinator.com,GLW-CL,N,Expired,Ambulatory,2025-04-19
P100230,Elliot Williams,elliot.williams@testmail.co,EDI-EX,No,Expired,Wheelchair,2025-09-11
P100231,Jordan Williams,jordan.williams@mailinator.com,BHM-PR,N,Expired,Ambulatory,2025-07-25
P100232,Avery Hernandez,avery.hernandez@testmail.co,MCH-CC,False,Approved,Wheelchair,2025-07-03
P100233,Jesse Garcia,jesse.garcia@mailinator.com,BRI-01,N,Pending,Ambulatory,2025-07-11
P100234,Jamie Smith,jamie.smith@testmail.co,BEL-LG,N,Approved,Ambulatory,2025-08-18
P100235,Harper Brown,harper.brown@example.com,BRI-01,Y,Pending,Ambulatory,2025-07-01
P100236,Elliot Williams,elliot.williams@mailinator.com,NRW-QP,False,Pending,Ambulatory,2025-07-06
P100237,Jesse Rodriguez,jesse.rodriguez@testmail.co,EDI-EX,N,Approved,Ambulatory,2025-02-12
P100238,Riley Moore,riley.moore@mailinator.com,GLW-CL,Y,Approved,Other,2025-06-27
P100239,Charlie Hernandez,charlie.hernandez@testmail.co,CDF-BY,False,,Ambulatory,2025-06-20
P100240,Casey Moore,casey.moore@testmail.co,EDI-EX,False,Approved,Wheelchair,2025-08-19
P100241,Charlie Taylor,charlie.taylor@testmail.co,CDF-BY,False,Approved,,2025-03-22
P100242,Alex Hernandez,alex.hernandez@mailinator.com,MCH-CC,N,Pending,HearingImpaired,2025-07-22
P100243,Jesse Garcia,jesse.garcia@testmail.co,EDI-EX,TRUE,Approved,,2025-08-19
P100244,Skyler Thomas,skyler.thomas@mailinator.com,LDN-HQ,N,Revoked,Ambulatory,2025-02-04
P100245,Drew Miller,drew.miller@mailinator.com,GLW CL,No,Approved,Wheelchair,04/07/2025
P100246,Avery Garcia,avery.garcia@mailinator.com,NRW-QP,No,Approved,Ambulatory,2025-08-25
P100247,Skyler Jones,skyler.jones@testmail.co,LDN-HQ,N,Revoked,Ambulatory,2025-03-12
P100248,Quinn Davis,quinn.davis@mailinator.com,BEL-LG,Y,Pending,Ambulatory,10/02/2025
P100249,Taylor Smith,taylor.smith@testmail.co,BRI-01,N,,Ambulatory,2025-03-18
P100250,Reese Thomas,reese.thomas@testmail.co,MCH-CC,No,Approved,Ambulatory,2025-07-01
P100251,Casey Hernandez,casey.hernandez@mailinator.com,CDF-BY,No,Approved,Wheelchair,2025-02-19
P100252,Reese Miller,reese.miller@testmail.co,BHM-PR,Y,Pending,Ambulatory,2025-06-20
P100253,Elliot Thompson,elliot.thompson@example.com,BHM-PR,N,Approved,Wheelchair,2025-05-20
P100254,Jordan Martinez,jordan.martinez@example.com,MCH-CC,N,Pending,Ambulatory,2025-07-20
P100255,Elliot Thomas,elliot.thomas@example.com,BEL-LG,No,Pending,,2025-09-06
P100256,Jordan Miller,jordan.miller@testmail.co,BEL-LG,False,,Ambulatory,2025-04-27
P100257,Reese Martin,reese.martin@mailinator.com,BEL-LG,Yes,Pending,Ambulatory,2025-03-03
P100258,Riley Wilson,riley.wilson@example.com,LDS-AR,N,Expired,Ambulatory,2025-08-18
P100259,Cameron Brown,cameron.brown@testmail.co,NRW-QP,N,Expired,Ambulatory,2025-08-18
P100260,Harper Brown,harper.brown@mailinator.com,MCH-CC,False,Approved,Ambulatory,2025-02-15
P100261,Taylor Garcia,taylor.garcia@example.com,GLW-CL,False,Pending,Ambulatory,2025-03-26
P100262,Casey Johnson,casey.johnson@mailinator.com,BHM-PR,No,Approved,,2025-05-10
P100263,Skyler Brown,skyler.brown@example.com,CDF-BY,False,Expired,Ambulatory,2025-03-08
P100264,Charlie Garcia,charlie.garcia@mailinator.com,CDF-BY,No,Approved,Ambulatory,2025-08-03
P100265,Jamie Taylor,jamie.taylor@mailinator.com,LDS-AR,False,Approved,Ambulatory,2025-01-28
P100266,Jamie Hernandez,jamie.hernandez@mailinator.com,BHM-PR,TRUE,Approved,,2025-04-16
P100267,Jesse Martinez,jesse.martinez@mailinator.com,GLW-CL,False,Expired,Neurodivergent,02/01/2025
P100268,Quinn Smith,quinn.smith@example.com,EDI-EX,Y,,Ambulatory,2025-03-21
P100269,Avery Williams,avery.williams@mailinator.com,BHM-PR,N,Revoked,Ambulatory,2025-07-21
P100270,Riley Thomas,riley.thomas@mailinator.com,BRI-01,Y,Approved,Ambulatory,2025-04-17
P100271,Alex Smith,alex.smith@mailinator.com,BHM-PR,False,Approved,Ambulatory,2025-02-08
P100272,Taylor Brown,taylor.brown@testmail.co,BHM-PR,Y,Pending,Wheelchair,2025-03-21
P100273,Jordan Williams,jordan.williams@mailinator.com,GLW CL,N,Approved,Ambulatory,2025-03-14
P100274,Quinn Davis,quinn.davis@example.com,BRI-01,Y,Pending,Ambulatory,2025-07-11
P100275,Riley Rodriguez,riley.rodriguez@mailinator.com,BRI-01,No,Pending,Ambulatory,2025-01-28
P100276,Jesse Davis,jesse.davis@mailinator.com,GLW-CL,No,Approved,Ambulatory,2025-04-16
P100277,Riley Moore,riley.moore@mailinator.com,GLW-CL,False,Approved,Ambulatory,2025-06-05
P100278,Cameron Thomas,cameron.thomas@testmail.co,NRW-QP,No,,VisionImpaired,19/01/2025
P100279,Avery Davis,avery.davis@example.com,LDN-HQ,N,Approved,Wheelchair,2025-07-14
P100280,Jamie Jackson,jamie.jackson@mailinator.com,GLW-CL,Y,Approved,Neurodivergent,2025-03-18
P100281,Cameron Williams,cameron.williams@testmail.co,CDF-BY,False,Approved,Ambulatory,2025-07-04
P100282,Parker Johnson,parker.johnson@testmail.co,EDI-EX,No,Pending,Ambulatory,2025-06-17
P100283,Avery Miller,avery.miller@testmail.co,EDI-EX,False,Pending,Ambulatory,2025-01-11
P100284,Avery Martin,avery.martin@example.com,LDS-AR,No,Approved,Ambulatory,2025-06-02
P100285,Cameron Miller,cameron.miller@testmail.co,EDI-EX,Y,Pending,Wheelchair,2025-04-24
P100286,Sam Smith,sam.smith@example.com,LDN-HQ,N,Approved,Other,2025-01-18
P100287,Harper Garcia,harper.garcia@testmail.co,MCH-CC,No,Approved,Ambulatory,2025-06-04
P100288,Sam Miller,sam.miller@example.com,NRW-QP,False,Approved,Ambulatory,2025-05-25
P100289,Charlie Williams,charlie.williams@mailinator.com,Belfast Lagan,N,Expired,Wheelchair,2025-04-15
P100290,Rowan Davis,rowan.davis@mailinator.com,NRW-QP,N,Approved,Ambulatory,2025-04-18
P100291,Alex Martinez,alex.martinez@example.com,CDF-BY,No,Approved,Ambulatory,2025-04-14
P100292,Sam Jones,sam.jones@mailinator.com,LDS-AR,False,Revoked,Ambulatory,2025-06-15
P100293,Jamie Thompson,jamie.thompson@example.com,NRW-QP,TRUE,Approved,Ambulatory,2025-07-22
P100294,Riley Wilson,riley.wilson@testmail.co,BHM-PR,N,Expired,Ambulatory,2025-08-09
P100295,Casey Jones,casey.jones@mailinator.com,BRI-01,N,Approved,Ambulatory,2025-09-12
P100296,Casey Hernandez,casey.hernandez@testmail.co,BEL-LG,Y,Approved,Wheelchair,2025-01-07
P100297,Charlie Jones,charlie.jones@example.com,MCH-CC,N,Approved,Ambulatory,2025-03-01
P100298,Quinn Jackson,quinn.jackson@mailinator.com,NRW-QP,Yes,Expired,Ambulatory,2025-01-02
P100299,Riley Jones,riley.jones@example.com,CDF-BY,No,Pending,Ambulatory,27/05/2025
P100300,Jamie Davis,jamie.davis@mailinator.com,BEL-LG,Y,Expired,VisionImpaired,2025-02-02
P100301,Sam Miller,sam.miller@mailinator.com,CDF-BY,N,Approved,Wheelchair,2025-03-12
P100302,Morgan Rodriguez,morgan.rodriguez@testmail.co,BEL-LG,Y,Pending,Ambulatory,2025-05-16
P100303,Reese Moore,reese.moore@example.com,BRI-01,Y,Approved,Neurodivergent,2025-09-08
P100304,Reese Smith,reese.smith@testmail.co,BHM-PR,TRUE,Approved,Ambulatory,2025-06-13
P100305,Alex Martinez,alex.martinez@mailinator.com,Manchester City Campus,Y,,Ambulatory,2025-04-06
P100306,Riley Rodriguez,riley.rodriguez@mailinator.com,LDN-HQ,False,Pending,,2025-07-12
P100307,Morgan Miller,morgan.miller@example.com,GLW-CL,No,Approved,Ambulatory,2025-06-19
P100308,Cameron Davis,cameron.davis@testmail.co,NRW-QP,Yes,Approved,Ambulatory,2025-04-01
P100309,Alex Martinez,alex.martinez@mailinator.com,MCH-CC,N,Approved,VisionImpaired,02/06/2025
P100310,Cameron Jones,cameron.jones@example.com,NRW-QP,False,Approved,Other,2025-07-19
P100311,Jesse Martinez,jesse.martinez@example.com,EDI-EX,N,Pending,Ambulatory,2025-06-06
P100312,Reese White,reese.white@testmail.co,MCH-CC,TRUE,Approved,Wheelchair,2025-05-05
P100313,Alex Thompson,alex.thompson@testmail.co,GLW CL,N,Expired,Ambulatory,2025-02-16
P100314,Jamie Garcia,jamie.garcia@testmail.co,BHM-PR,False,Approved,Wheelchair,15/06/2025
P100315,Casey Garcia,casey.garcia@mailinator.com,BRI-01,TRUE,Pending,Ambulatory,2025-08-24
P100316,Morgan Thomas,morgan.thomas@testmail.co,CDF-BY,N,Expired,VisionImpaired,2025-04-06
P100317,Sam Wilson,sam.wilson@example.com,BHM-PR,Y,Approved,Neurodivergent,24/03/2025
P100318,Jamie Martinez,jamie.martinez@mailinator.com,GLW-CL,No,Approved,Ambulatory,06/07/2025
P100319,Charlie Davis,charlie.davis@example.com,CDF-BY,No,Pending,Ambulatory,2025-05-10
P100320,Sam Taylor,sam.taylor@mailinator.com,NRW-QP,Y,Approved,Ambulatory,2025-05-27
P100321,Parker Moore,parker.moore@example.com,BRISTOL-01,No,,Ambulatory,2025-02-10
P100322,Rowan Moore,rowan.moore@mailinator.com,LDS-AR,No,Approved,Neurodivergent,2025-06-06
P100323,Avery Hernandez,avery.hernandez@testmail.co,LDS-AR,N,Approved,Wheelchair,2025-02-03
P100324,Reese Thomas,reese.thomas@mailinator.com,MCH-CC,TRUE,Expired,Ambulatory,2025-09-22
P100325,Rowan Thompson,rowan.thompson@example.com,BEL-LG,N,Expired,Ambulatory,2025-09-26
P100326,Parker Jones,parker.jones@example.com,BEL-LG,False,,VisionImpaired,2025-03-02
P100327,Harper Davis,harper.davis@mailinator.com,EDI-EX,N,Revoked,Neurodivergent,2025-02-03
P100328,Elliot Jackson,elliot.jackson@testmail.co,LDS-AR,False,Approved,Wheelchair,2025-09-26
P100329,Harper Jones,harper.jones@example.com,GLW-CL,No,Revoked,Other,2025-02-26
P100330,Reese Anderson,reese.anderson@testmail.co,LDS-AR,Yes,Pending,Ambulatory,2025-05-13
P100331,Parker Taylor,parker.taylor@example.com,CDF-BY,N,Approved,Wheelchair,12/05/2025
P100332,Jesse Wilson,jesse.wilson@testmail.co,BEL-LG,No,,Ambulatory,2025-05-24
P100333,Charlie Rodriguez,charlie.rodriguez@mailinator.com,CDF-BY,Y,Approved,Neurodivergent,2025-07-24
P100334,Skyler Anderson,skyler.anderson@example.com,NRW-QP,Y,Pending,Ambulatory,19/09/2025
P100335,Casey Davis,casey.davis@example.com,MCR-CC,False,Pending,Ambulatory,2025-08-17
P100336,Taylor Smith,taylor.smith@example.com,BHM-PR,N,,Ambulatory,2025-09-12
P100337,Avery Williams,avery.williams@testmail.co,LDN-HQ,N,Pending,,2025-04-21
P100338,Casey Rodriguez,casey.rodriguez@mailinator.com,CDF-BY,False,,Wheelchair,2025-08-05
P100339,Parker Smith,parker.smith@example.com,LDS-AR,False,Pending,Wheelchair,2025-05-14
P100340,Drew Hernandez,drew.hernandez@testmail.co,MCH-CC,No,Expired,Ambulatory,2025-02-01
P100341,Drew Jackson,drew.jackson@mailinator.com,GLW-CL,N,Approved,Ambulatory,2025-05-21
P100342,Avery Rodriguez,avery.rodriguez@mailinator.com,LDS-AR,Yes,Approved,Ambulatory,2025-07-22
P100343,Jordan Smith,jordan.smith@mailinator.com,BEL-LG,N,Approved,Ambulatory,2025-01-19
P100344,Cameron Davis,cameron.davis@testmail.co,MCH-CC,No,Approved,Other,2025-06-17
P100345,Morgan Jackson,morgan.jackson@example.com,LDS-AR,Y,Approved,VisionImpaired,2025-03-22
P100346,Jamie Garcia,jamie.garcia@testmail.co,MCH-CC,N,Expired,Ambulatory,2025-05-19
P100347,Taylor Moore,taylor.moore@example.com,GLW-CL,No,Approved,Ambulatory,2025-02-28
P100348,Skyler Wilson,skyler.wilson@testmail.co,LDN-HQ,Y,,Ambulatory,2025-08-05
P100349,Morgan Williams,morgan.williams@testmail.co,BHM-PR,N,Pending,Ambulatory,2025-05-07
P100350,Morgan Thompson,morgan.thompson@example.com,BEL-LG,TRUE,Approved,Ambulatory,2025-07-13
P100351,Rowan Taylor,rowan.taylor@example.com,LDN-HQ,No,,Neurodivergent,07/09/2025
P100352,Alex Garcia,alex.garcia@example.com,BHM-PR,Y,Approved,Ambulatory,27/02/2025
P100353,Jesse Hernandez,jesse.hernandez@mailinator.com,NRW-QP,N,Expired,,2025-06-16
P100354,Casey Miller,casey.miller@testmail.co,LDN-HQ,No,Approved,Wheelchair,2025-09-06
P100355,Sam Taylor,sam.taylor@mailinator.com,LDS-AR,No,Pending,Ambulatory,2025-02-21
P100356,Sam Brown,sam.brown@testmail.co,BEL-LG,No,Approved,Ambulatory,2025-01-10
P100357,Taylor Martin,taylor.martin@testmail.co,GLW-CL,Y,Expired,Ambulatory,2025-02-10
P100358,Taylor Moore,taylor.moore@example.com,GLW-CL,N,Approved,Ambulatory,2025-07-10
P100359,Reese Moore,reese.moore@example.com,BEL-LG,Y,Pending,Neurodivergent,2025-08-05
P100360,Skyler Williams,skyler.williams@mailinator.com,BRI-01,No,Approved,,15/05/2025
P100361,Morgan Johnson,morgan.johnson@testmail.co,BHM-PR,N,Pending,Ambulatory,2025-01-01
P100362,Morgan Martinez,morgan.martinez@testmail.co,BEL-LG,N,Pending,Ambulatory,2025-06-06
P100363,Elliot Hernandez,elliot.hernandez@testmail.co,CDF-BY,Yes,Approved,Neurodivergent,2025-03-04
P100364,Sam Miller,sam.miller@example.com,CDF-BY,Yes,Pending,Ambulatory,2025-07-25
P100365,Alex Jones,alex.jones@testmail.co,BEL-LG,N,Approved,Ambulatory,2025-06-01
P100366,Skyler Thompson,skyler.thompson@mailinator.com,GLW-CL,False,Expired,Ambulatory,2025-02-14
P100367,Riley Moore,riley.moore@testmail.co,CDF-BY,TRUE,Revoked,Ambulatory,2025-01-21
P100368,Skyler Moore,skyler.moore@testmail.co,EDI-EX,Yes,Approved,,2025-01-17
P100369,Elliot Taylor,elliot.taylor@example.com,BRI-01,TRUE,Approved,HearingImpaired,2025-08-11
P100370,Rowan Smith,rowan.smith@example.com,CDF-BY,No,Approved,Ambulatory,2025-05-17
P100371,Quinn Martinez,quinn.martinez@testmail.co,LDN-HQ,TRUE,Approved,VisionImpaired,2025-08-23
P100372,Quinn Brown,quinn.brown@example.com,Manchester City Campus,TRUE,,Ambulatory,2025-09-12
P100373,Sam Miller,sam.miller@testmail.co,EDI-EX,No,Approved,Ambulatory,2025-04-07
P100374,Elliot Davis,elliot.davis@testmail.co,MCH-CC,Y,Approved,Other,2025-02-25
P100375,Quinn Thompson,quinn.thompson@mailinator.com,EDI-EX,Y,Pending,Ambulatory,2025-07-27
P100376,Skyler Miller,skyler.miller@mailinator.com,GLW-CL,TRUE,Approved,Ambulatory,2025-06-17
P100377,Harper White,harper.white@mailinator.com,MCH-CC,False,,Ambulatory,2025-03-05
P100378,Skyler Wilson,skyler.wilson@mailinator.com,NRW-QP,No,Revoked,Ambulatory,2025-04-07
P100379,Jesse Anderson,jesse.anderson@mailinator.com,EDI-EX,No,,Ambulatory,2025-06-23
P100380,Drew Jackson,drew.jackson@testmail.co,GLW-CL,No,Approved,Wheelchair,2025-09-10
P100381,Harper Smith,harper.smith@mailinator.com,BRISTOL-01,Y,Approved,Ambulatory,2025-03-10
P100382,Jordan Johnson,jordan.johnson@mailinator.com,LDS-AR,No,Approved,Ambulatory,2025-09-28
P100383,Reese Taylor,reese.taylor@example.com,NRW-QP,TRUE,Approved,Ambulatory,2025-07-13
P100384,Charlie Jackson,charlie.jackson@example.com,LDN-HQ,N,Expired,Neurodivergent,2025-08-27
P100385,Drew Thompson,drew.thompson@mailinator.com,GLW-CL,No,Approved,Ambulatory,2025-02-06
P100386,Skyler Brown,skyler.brown@testmail.co,LDN-HQ,No,Approved,Ambulatory,2025-05-01
P100387,Jordan Johnson,jordan.johnson@example.com,BHM-PR,TRUE,Pending,HearingImpaired,2025-05-16
P100388,Reese Anderson,reese.anderson@example.com,BHM-PR,False,Approved,VisionImpaired,2025-03-14
P100389,Elliot Williams,elliot.williams@testmail.co,MCH-CC,No,Approved,Ambulatory,2025-09-16
P100390,Alex Brown,alex.brown@mailinator.com,BHM-PR,False,Pending,Ambulatory,2025-01-22
P100391,Elliot Brown,elliot.brown@testmail.co,LDS-AR,N,Revoked,HearingImpaired,2025-06-17
P100392,Quinn Moore,quinn.moore@example.com,LDS-AR,N,Approved,Other,2025-03-25
P100393,Alex Williams,alex.williams@example.com,MCH-CC,N,Approved,Ambulatory,2025-07-21
P100394,Jamie Jones,jamie.jones@example.com,BEL-LG,Y,Approved,Ambulatory,18/05/2025
P100395,Riley Rodriguez,riley.rodriguez@testmail.co,CDF-BY,N,Approved,Ambulatory,18/02/2025
P100396,Parker Williams,parker.williams@mailinator.com,Glasgow Clyde,N,Approved,Ambulatory,20/05/2025
P100397,Quinn Taylor,quinn.taylor@testmail.co,LDN-HQ,Yes,Approved,Ambulatory,2025-09-10
P100398,Jordan Wilson,jordan.wilson@mailinator.com,BHM-PR,Y,Expired,Ambulatory,2025-01-01
P100399,Elliot Jackson,elliot.jackson@mailinator.com,BRI-01,No,Revoked,Ambulatory,2025-07-21
P100400,Jordan Miller,jordan.miller@example.com,MCH-CC,N,Approved,Wheelchair,2025-01-28
P100401,Reese Hernandez,reese.hernandez@mailinator.com,NRW-QP,No,Approved,Ambulatory,2025-08-11
P100402,Riley Brown,riley.brown@testmail.co,GLW-CL,N,Approved,Ambulatory,2025-05-23
P100403,Cameron Thompson,cameron.thompson@testmail.co,BHM-PR,N,Approved,VisionImpaired,2025-07-09
P100404,Jordan Martinez,jordan.martinez@testmail.co,BEL-LG,TRUE,Approved,Ambulatory,2025-02-27
P100405,Jordan Jackson,jordan.jackson@example.com,LDS-AR,No,Pending,Neurodivergent,21/09/2025
P100406,Cameron Thompson,cameron.thompson@testmail.co,GLW-CL,Y,Approved,Neurodivergent,2025-09-16
P100407,Jordan Anderson,jordan.anderson@testmail.co,MCH-CC,No,Expired,Ambulatory,17/09/2025
P100408,Drew Martin,drew.martin@example.com,MCH-CC,TRUE,Pending,Ambulatory,2025-09-05
P100409,Morgan Thompson,morgan.thompson@mailinator.com,EDI-EX,Yes,Approved,Ambulatory,08/08/2025
P100410,Drew Garcia,drew.garcia@example.com,MCH-CC,TRUE,Approved,Neurodivergent,2025-01-02
P100411,Charlie Brown,charlie.brown@mailinator.com,NRW-QP,N,Pending,Ambulatory,2025-03-13
P100412,Drew Thompson,drew.thompson@mailinator.com,BRI-01,N,Revoked,Ambulatory,2025-06-27
P100413,Rowan Moore,rowan.moore@mailinator.com,LDN-HQ,Y,Approved,Ambulatory,2025-05-07
P100414,Morgan Anderson,morgan.anderson@mailinator.com,BRI-01,N,Approved,Ambulatory,2025-08-16
P100415,Morgan Thomas,morgan.thomas@example.com,mch_cc,No,Approved,Ambulatory,2025-03-02
P100416,Morgan Martin,morgan.martin@testmail.co,GLW-CL,No,Expired,Wheelchair,2025-05-03
P100417,Parker Moore,parker.moore@testmail.co,EDI-EX,N,Approved,Ambulatory,2025-03-20
P100418,Avery Miller,avery.miller@mailinator.com,BHM-PR,No,Approved,Ambulatory,04/03/2025
P100419,Skyler Martin,skyler.martin@mailinator.com,CDF-BY,No,Approved,Neurodivergent,2025-01-26
P100420,Taylor Williams,taylor.williams@testmail.co,EDI-EX,No,Approved,Other,2025-07-17
P100421,Sam Martin,sam.martin@testmail.co,MCH-CC,Yes,Pending,Ambulatory,2025-02-14
P100422,Rowan Garcia,rowan.garcia@example.com,LDS-AR,No,Approved,Ambulatory,2025-01-19
P100423,Skyler Smith,skyler.smith@testmail.co,MCH-CC,N,Approved,Ambulatory,2025-05-09
P100424,Harper Thompson,harper.thompson@testmail.co,GLW-CL,No,Pending,Ambulatory,2025-09-16
P100425,Reese Jackson,reese.jackson@testmail.co,LDS-AR,No,Pending,Ambulatory,2025-03-28
P100426,Taylor Garcia,taylor.garcia@testmail.co,EDI-EX,Yes,Expired,VisionImpaired,2025-01-06
P100427,Alex Williams,alex.williams@example.com,BEL-LG,N,Approved,Ambulatory,20/02/2025
P100428,Elliot Taylor,elliot.taylor@mailinator.com,NRW-QP,False,Approved,VisionImpaired,2025-03-21
P100429,Alex Davis,alex.davis@mailinator.com,NRW-QP,Y,Pending,Ambulatory,2025-04-20
P100430,Sam Anderson,sam.anderson@example.com,LDN-HQ,Y,Approved,Ambulatory,2025-07-13
P100431,Skyler Smith,skyler.smith@mailinator.com,BRI-01,No,Pending,Ambulatory,2025-06-12
P100432,Avery Garcia,avery.garcia@mailinator.com,MCH-CC,N,Approved,Ambulatory,2025-09-04
P100433,Skyler Wilson,skyler.wilson@testmail.co,BRI-01,False,Expired,HearingImpaired,2025-05-23
P100434,Elliot Thompson,elliot.thompson@testmail.co,MCH-CC,False,Approved,Ambulatory,2025-01-16
P100435,Jamie Taylor,jamie.taylor@mailinator.com,MCH-CC,N,Approved,,18/09/2025
P100436,Avery Garcia,avery.garcia@testmail.co,BRI-01,No,Approved,Ambulatory,2025-03-16
P100437,Casey Thompson,casey.thompson@testmail.co,EDI-EX,No,Revoked,Ambulatory,2025-04-08
P100438,Avery Davis,avery.davis@example.com,MCH-CC,TRUE,Approved,VisionImpaired,2025-02-03
P100439,Rowan White,rowan.white@example.com,NRW-QP,False,Approved,Ambulatory,2025-05-16
P100440,Skyler Rodriguez,skyler.rodriguez@testmail.co,MCH-CC,Y,Approved,Ambulatory,2025-09-02
P100441,Elliot Miller,elliot.miller@testmail.co,BRI-01,N,Pending,Ambulatory,2025-04-13
P100442,Charlie Anderson,charlie.anderson@mailinator.com,LDS-AR,N,Approved,,2025-06-12
P100443,Harper Davis,harper.davis@testmail.co,BHM-PR,N,Approved,Ambulatory,27/04/2025
P100444,Avery Garcia,avery.garcia@mailinator.com,CDF-BY,N,Expired,Wheelchair,26/08/2025
P100445,Harper Moore,harper.moore@example.com,NRW-QP,N,Approved,Ambulatory,13/01/2025
P100446,Morgan Johnson,morgan.johnson@example.com,LDS-AR,No,Approved,Ambulatory,2025-06-12
P100447,Avery Anderson,avery.anderson@example.com,CDF-BY,False,,Ambulatory,2025-09-06
P100448,Jesse Anderson,jesse.anderson@testmail.co,NRW-QP,No,Revoked,Ambulatory,2025-05-15
P100449,Jordan Miller,jordan.miller@mailinator.com,BHM-PR,No,Approved,Neurodivergent,2025-02-06
P100450,Charlie Martinez,charlie.martinez@mailinator.com,LDS-AR,No,Approved,Neurodivergent,2025-06-24
P100451,Quinn Thomas,quinn.thomas@example.com,EDI-EX,Y,Approved,Ambulatory,2025-02-07
P100452,Taylor Brown,taylor.brown@example.com,BEL-LG,Y,Approved,VisionImpaired,2025-02-04
P100453,Jordan Williams,jordan.williams@mailinator.com,CDF-BY,N,Approved,Ambulatory,2025-03-17
P100454,Alex Johnson,alex.johnson@mailinator.com,BHM-PR,N,Approved,,2025-09-09
P100455,Jordan Jackson,jordan.jackson@example.com,GLW-CL,No,Pending,Ambulatory,2025-09-21
P100456,Jesse Anderson,jesse.anderson@testmail.co,NRW-QP,Y,Approved,Ambulatory,10/03/2025
P100457,Skyler Jones,skyler.jones@testmail.co,LDS-AR,Y,Revoked,Other,10/08/2025
P100458,Harper Wilson,harper.wilson@mailinator.com,MCH-CC,No,Approved,Neurodivergent,2025-07-13
P100459,Elliot Taylor,elliot.taylor@example.com,LDS-AR,No,Approved,VisionImpaired,2025-05-10
P100460,Reese Rodriguez,reese.rodriguez@testmail.co,MCH-CC,N,Approved,Ambulatory,2025-08-09
P100461,Rowan Davis,rowan.davis@testmail.co,LDN-HQ,False,Approved,,2025-05-09
P100462,Quinn Smith,quinn.smith@example.com,BRI-01,Yes,Approved,Ambulatory,2025-08-12
P100463,Sam Martinez,sam.martinez@example.com,EDI-EX,TRUE,Approved,Ambulatory,2025-04-27
P100464,Elliot Smith,elliot.smith@example.com,MCH-CC,False,Approved,,2025-04-15
P100465,Taylor Martin,taylor.martin@mailinator.com,MCH-CC,No,Approved,Ambulatory,2025-01-24
P100466,Skyler Brown,skyler.brown@testmail.co,BEL-LG,N,Expired,Neurodivergent,2025-04-04
P100467,Harper Martinez,harper.martinez@example.com,EDI-EX,No,Approved,Ambulatory,2025-01-19
P100468,Rowan White,rowan.white@example.com,BHM-PR,N,Approved,Wheelchair,2025-06-25
P100469,Sam Anderson,sam.anderson@mailinator.com,EDI-EX,TRUE,Approved,Ambulatory,2025-09-26
P100470,Drew Hernandez,drew.hernandez@mailinator.com,Manchester City Campus,N,Approved,Neurodivergent,2025-08-23
P100471,Jesse Jackson,jesse.jackson@mailinator.com,BEL-LG,N,Approved,Wheelchair,2025-05-28
P100472,Reese Miller,reese.miller@example.com,NRW-QP,N,Approved,Ambulatory,2025-01-25
P100473,Elliot Miller,elliot.miller@example.com,GLW-CL,TRUE,Approved,Wheelchair,2025-09-27
P100474,Skyler Moore,skyler.moore@mailinator.com,EDI-EX,N,Pending,Ambulatory,22/09/2025
P100475,Jordan Miller,jordan.miller@example.com,MCH-CC,N,Approved,Ambulatory,2025-07-22
P100476,Parker Thompson,parker.thompson@testmail.co,LDN-HQ,No,Approved,Other,2025-04-21
P100477,Jamie Hernandez,jamie.hernandez@mailinator.com,LDN-HQ,No,Revoked,HearingImpaired,2025-01-27
P100478,Skyler Johnson,skyler.johnson@mailinator.com,BRI-01,Y,Approved,Ambulatory,2025-02-24
P100479,Elliot Davis,elliot.davis@example.com,NRW-QP,No,,Ambulatory,2025-09-14
P100480,Cameron Anderson,cameron.anderson@mailinator.com,BEL-LG,N,Approved,VisionImpaired,2025-09-13
P100481,Morgan Jackson,morgan.jackson@mailinator.com,BEL-LG,False,Approved,,2025-06-14
P100482,Harper Martinez,harper.martinez@mailinator.com,MCH-CC,N,Pending,Other,2025-05-12
P100483,Quinn Taylor,quinn.taylor@example.com,LDN-HQ,No,Approved,,2025-05-01
P100484,Riley Davis,riley.davis@testmail.co,LDN-HQ,False,Expired,Neurodivergent,2025-09-18
P100485,Cameron Jones,cameron.jones@example.com,LDN-HQ,N,Approved,Neurodivergent,2025-04-08
P100486,Jesse Williams,jesse.williams@mailinator.com,CDF-BY,N,Approved,Ambulatory,2025-08-06
P100487,Cameron Brown,cameron.brown@mailinator.com,LDS AR,N,Expired,Neurodivergent,2025-06-12
P100488,Harper Thomas,harper.thomas@example.com,MCH-CC,False,Revoked,Ambulatory,2025-07-02
P100489,Sam Martinez,sam.martinez@mailinator.com,GLW-CL,Yes,Approved,Ambulatory,2025-07-15
P100490,Cameron Martin,cameron.martin@example.com,MCH-CC,TRUE,Approved,Ambulatory,2025-08-19
P100491,Reese Taylor,reese.taylor@testmail.co,BRI-01,N,Pending,VisionImpaired,2025-08-18
P100492,Elliot Thompson,elliot.thompson@example.com,NRW-QP,No,Approved,Ambulatory,2025-07-11
P100493,Cameron Williams,cameron.williams@example.com,CDF-BY,N,Approved,Ambulatory,2025-01-25
P100494,Drew White,drew.white@testmail.co,GLW-CL,Y,Expired,Ambulatory,2025-06-05
P100495,Jamie Brown,jamie.brown@mailinator.com,LDN-HQ,No,Approved,HearingImpaired,2025-05-01
P100496,Taylor Wilson,taylor.wilson@testmail.co,Belfast Lagan,No,Approved,Ambulatory,2025-05-18
P100497,Jordan Smith,jordan.smith@testmail.co,GLW-CL,Yes,Approved,Ambulatory,2025-04-26
P100498,Avery Johnson,avery.johnson@testmail.co,LDN-HQ,No,Pending,Neurodivergent,2025-06-28
P100499,Jesse Taylor,jesse.taylor@example.com,CDF-BY,No,Revoked,Ambulatory,2025-09-03
P100500,Skyler Hernandez,skyler.hernandez@mailinator.com,LDN HQ,N,Approved,Wheelchair,2025-01-12
P100501,Drew Wilson,drew.wilson@example.com,NRW-QP,Y,Approved,Ambulatory,2025-01-18
P100502,Riley Jones,riley.jones@testmail.co,CDF-BY,Y,Approved,,2025-04-14
P100503,Jordan Thomas,jordan.thomas@testmail.co,GLW-CL,No,Approved,Ambulatory,2025-09-22
P100504,Jordan Wilson,jordan.wilson@mailinator.com,NRW-QP,N,Revoked,VisionImpaired,11/03/2025
P100505,Reese Brown,reese.brown@example.com,BHM-PR,Y,Approved,Ambulatory,2025-07-14
P100506,Avery Jones,avery.jones@example.com,BRI-01,Y,,Ambulatory,2025-04-20
P100507,Alex Anderson,alex.anderson@example.com,BEL-LG,TRUE,Approved,Ambulatory,2025-03-28
P100508,Rowan Jones,rowan.jones@example.com,MCH-CC,N,,Other,2025-07-08
P100509,Casey Davis,casey.davis@example.com,EDI-EX,False,Expired,Ambulatory,2025-06-28
P100510,Riley Thomas,riley.thomas@testmail.co,LDN-HQ,TRUE,Pending,Ambulatory,2025-09-17
P100511,Sam Martin,sam.martin@example.com,BEL-LG,False,Expired,Ambulatory,2025-09-13
P100512,Sam Jackson,sam.jackson@testmail.co,NRW-QP,False,Approved,Ambulatory,2025-05-25
P100513,Quinn Miller,quinn.miller@testmail.co,LDS-AR,Y,Approved,Ambulatory,2025-08-03
P100514,Taylor Miller,taylor.miller@mailinator.com,NRW-QP,N,Approved,Ambulatory,15/04/2025
P100515,Charlie Miller,charlie.miller@mailinator.com,BRI-01,No,Pending,Ambulatory,2025-07-24
P100516,Skyler White,skyler.white@example.com,CDF-BY,Y,Approved,Ambulatory,2025-03-06
P100517,Morgan Johnson,morgan.johnson@testmail.co,LDS-AR,No,Approved,Ambulatory,2025-02-05
P100518,Alex White,alex.white@testmail.co,LDN-HQ,False,Approved,Ambulatory,2025-08-08
P100519,Rowan Hernandez,rowan.hernandez@testmail.co,BEL-LG,No,Approved,Ambulatory,2025-09-27
P100520,Sam Miller,sam.miller@example.com,LDN-HQ,Y,Expired,Wheelchair,2025-05-11
P100521,Sam Brown,sam.brown@testmail.co,EDI-EX,N,Pending,Wheelchair,2025-09-06
P100522,Cameron Anderson,cameron.anderson@example.com,BRI-01,N,Revoked,HearingImpaired,2025-07-27
P100523,Jesse Moore,jesse.moore@example.com,BRI-01,N,Approved,Ambulatory,20/04/2025
P100524,Cameron Martin,cameron.martin@example.com,BEL-LG,No,Expired,Wheelchair,2025-07-20
P100525,Avery Martin,avery.martin@mailinator.com,GLW-CL,Y,Pending,Ambulatory,2025-08-16
P100526,Parker Garcia,parker.garcia@mailinator.com,LDS-AR,Y,Approved,Ambulatory,2025-02-24
P100527,Parker Thomas,parker.thomas@testmail.co,LDN-HQ,No,Pending,Ambulatory,2025-04-23
P100528,Jamie Wilson,jamie.wilson@testmail.co,NRW-QP,No,Approved,Ambulatory,2025-07-24
P100529,Alex Miller,alex.miller@example.com,BHM-PR,False,Approved,Ambulatory,2025-01-21
P100530,Jordan Hernandez,jordan.hernandez@mailinator.com,BHM-PR,TRUE,Revoked,Ambulatory,2025-09-10
P100531,Charlie Jackson,charlie.jackson@mailinator.com,LDN-HQ,No,Expired,Neurodivergent,2025-06-03
P100532,Avery Smith,avery.smith@testmail.co,CDF-BY,TRUE,Pending,Ambulatory,2025-02-28
P100533,Jesse Martinez,jesse.martinez@mailinator.com,LDN-HQ,Y,Expired,Ambulatory,2025-05-07
P100534,Morgan Brown,morgan.brown@testmail.co,LDN-HQ,False,Approved,Ambulatory,2025-08-17
P100535,Charlie Moore,charlie.moore@mailinator.com,NRW-QP,N,Pending,Ambulatory,2025-09-22
P100536,Casey Johnson,casey.johnson@testmail.co,CDF-BY,Yes,Approved,Other,2025-02-11
P100537,Sam Brown,sam.brown@mailinator.com,lds-ar,No,Approved,Ambulatory,2025-05-09
P100538,Quinn Brown,quinn.brown@testmail.co,EDI-EX,Y,,Ambulatory,2025-02-07
P100539,Reese Martinez,reese.martinez@testmail.co,EDI-EX,TRUE,Pending,Ambulatory,2025-05-20
P100540,Reese Hernandez,reese.hernandez@example.com,EDI EX,Y,Approved,Ambulatory,2025-07-06
P100541,Cameron Hernandez,cameron.hernandez@mailinator.com,BHM-PR,TRUE,Pending,Wheelchair,2025-09-03
P100542,Quinn Thompson,quinn.thompson@example.com,BRI-01,False,Approved,Ambulatory,2025-08-16
P100543,Riley Jones,riley.jones@mailinator.com,LDS-AR,N,Pending,Ambulatory,2025-06-15
P100544,Jamie Moore,jamie.moore@example.com,BHM-PR,TRUE,Approved,Ambulatory,2025-03-17
P100545,Taylor Martinez,taylor.martinez@mailinator.com,BRI-01,Yes,Approved,Ambulatory,2025-04-18
P100546,Rowan Taylor,rowan.taylor@example.com,BHM-PR,No,Approved,,2025-06-18
P100547,Morgan Williams,morgan.williams@mailinator.com,GLW-CL,Y,Pending,Ambulatory,2025-02-27
P100548,Jesse Taylor,jesse.taylor@example.com,GLW-CL,TRUE,Pending,Ambulatory,2025-08-21
P100549,Jamie Davis,jamie.davis@example.com,GLW-CL,No,Approved,Ambulatory,2025-03-15
P100550,Elliot White,elliot.white@mailinator.com,BEL-LG,No,Approved,Ambulatory,2025-05-14
P100551,Drew Williams,drew.williams@mailinator.com,LDN-HQ,Yes,Expired,HearingImpaired,2025-01-12
P100552,Sam Smith,sam.smith@mailinator.com,NRW-QP,N,Expired,Neurodivergent,2025-04-14
P100553,Elliot Martinez,elliot.martinez@mailinator.com,CDF-BY,N,Approved,Ambulatory,2025-03-07
P100554,Drew Thomas,drew.thomas@example.com,LDS-AR,No,Approved,Ambulatory,2025-01-05
P100555,Rowan Thomas,rowan.thomas@example.com,BRI-01,TRUE,Expired,Neurodivergent,2025-07-20
P100556,Skyler Thomas,skyler.thomas@mailinator.com,BEL-LG,N,Approved,Ambulatory,2025-08-28
P100557,Skyler Rodriguez,skyler.rodriguez@testmail.co,NRW-QP,Y,Approved,Ambulatory,2025-06-04
P100558,Jamie Jones,jamie.jones@mailinator.com,NRW-QP,False,Expired,Ambulatory,2025-02-17
P100559,Jamie Garcia,jamie.garcia@testmail.co,BRI-01,No,Pending,Ambulatory,2025-06-18
P100560,Rowan Hernandez,rowan.hernandez@mailinator.com,BEL-LG,N,Approved,,2025-05-10
P100561,Parker Wilson,parker.wilson@mailinator.com,GLW-CL,No,Pending,Ambulatory,2025-05-26
P100562,Alex Wilson,alex.wilson@testmail.co,BRI-01,Y,Expired,Ambulatory,2025-05-09
P100563,Alex Brown,alex.brown@mailinator.com,EDI-EX,No,Pending,Ambulatory,2025-03-09
P100564,Riley Moore,riley.moore@example.com,NRW-QP,N,Approved,Ambulatory,2025-03-27
P100565,Harper Taylor,harper.taylor@example.com,BEL-LG,N,Pending,HearingImpaired,2025-01-21
P100566,Taylor Johnson,taylor.johnson@example.com,BEL-LG,N,Pending,Wheelchair,2025-09-08
P100567,Elliot Moore,elliot.moore@testmail.co,EDI-EX,N,Approved,VisionImpaired,2025-07-22
P100568,Skyler Johnson,skyler.johnson@example.com,NRW-QP,False,Approved,Neurodivergent,2025-05-11
P100569,Taylor Rodriguez,taylor.rodriguez@mailinator.com,GLW-CL,TRUE,Pending,Wheelchair,2025-04-17
P100570,Morgan Martinez,morgan.martinez@mailinator.com,LDN-HQ,TRUE,Approved,Ambulatory,2025-02-22
P100571,Riley Wilson,riley.wilson@testmail.co,mch_cc,Y,Revoked,Ambulatory,2025-04-20
P100572,Taylor Williams,taylor.williams@mailinator.com,EDI-EX,No,Pending,VisionImpaired,2025-03-04
P100573,Avery Wilson,avery.wilson@testmail.co,BRI-01,False,Approved,Ambulatory,2025-06-09
P100574,Jamie Rodriguez,jamie.rodriguez@example.com,CDF-BY,False,Approved,HearingImpaired,15/03/2025
P100575,Casey White,casey.white@testmail.co,EDI-EX,Y,Approved,Ambulatory,2025-02-15
P100576,Taylor Johnson,taylor.johnson@example.com,BRI-01,N,Approved,Neurodivergent,2025-03-21
P100577,Sam Taylor,sam.taylor@testmail.co,EDI-EX,False,Pending,Ambulatory,2025-08-16
P100578,Jamie Jackson,jamie.jackson@example.com,LDN-HQ,No,Expired,Ambulatory,2025-09-12
P100579,Jesse Taylor,jesse.taylor@example.com,BRI-01,False,Approved,HearingImpaired,2025-05-21
P100580,Reese Johnson,reese.johnson@testmail.co,MCH-CC,N,Approved,Wheelchair,2025-08-03
P100581,Quinn Davis,quinn.davis@example.com,LDN-HQ,No,Pending,Ambulatory,2025-02-26
P100582,Jesse Moore,jesse.moore@mailinator.com,BEL-LG,Y,Approved,Ambulatory,2025-01-13
P100583,Skyler Hernandez,skyler.hernandez@mailinator.com,NRW-QP,No,Revoked,Ambulatory,2025-03-16
P100584,Rowan White,rowan.white@example.com,MCH-CC,Y,Approved,Ambulatory,2025-05-27
P100585,Quinn White,quinn.white@example.com,GLW-CL,TRUE,Approved,Ambulatory,2025-04-03
P100586,Harper Martinez,harper.martinez@mailinator.com,CDF-BY,False,Pending,Ambulatory,25/04/2025
P100587,Morgan Martinez,morgan.martinez@example.com,BRI-01,No,Approved,Ambulatory,2025-03-15
P100588,Cameron Johnson,cameron.johnson@example.com,BRI-01,No,Approved,Ambulatory,03/08/2025
P100589,Morgan Williams,morgan.williams@mailinator.com,GLW-CL,N,Expired,VisionImpaired,2025-03-07
P100590,Avery Martin,avery.martin@testmail.co,CDF-BY,N,Pending,Ambulatory,2025-08-20
P100591,Jesse Anderson,jesse.anderson@testmail.co,LDN-HQ,N,,,2025-06-28
P100592,Reese Martin,reese.martin@example.com,BEL-LG,No,Approved,Ambulatory,2025-03-22
P100593,Rowan Moore,rowan.moore@example.com,EDI-EX,Y,Pending,Ambulatory,2025-07-09
P100594,Quinn Johnson,quinn.johnson@example.com,LDN-HQ,N,Expired,Ambulatory,2025-02-03
P100595,Quinn Thompson,quinn.thompson@mailinator.com,BHM-PR,No,Revoked,Ambulatory,2025-02-11
P100596,Riley Thomas,riley.thomas@example.com,CDF-BY,Y,Pending,Ambulatory,2025-07-05
P100597,Parker Hernandez,parker.hernandez@example.com,CDF-BY,N,Approved,Ambulatory,2025-05-07
P100598,Sam Thompson,sam.thompson@example.com,LDS-AR,False,Approved,Ambulatory,2025-06-08
P100599,Parker Miller,parker.miller@mailinator.com,GLW-CL,No,Approved,Ambulatory,2025-07-28
P100600,Casey Thompson,casey.thompson@testmail.co,BEL-LG,No,Pending,Ambulatory,2025-06-14
P100601,Cameron Jones,cameron.jones@mailinator.com,LDN-HQ,Y,,Wheelchair,2025-09-02
P100602,Elliot Moore,elliot.moore@mailinator.com,BRI-01,N,Pending,Ambulatory,2025-07-07
P100603,Jesse Garcia,jesse.garcia@mailinator.com,bri_01,N,Pending,Neurodivergent,2025-01-15
P100604,Jordan Taylor,jordan.taylor@example.com,BHM-PR,No,Approved,Ambulatory,2025-07-23
P100605,Sam Wilson,sam.wilson@testmail.co,LDS-AR,No,Pending,Ambulatory,2025-02-20
P100606,Sam Martin,sam.martin@mailinator.com,BHM-PR,Y,Approved,Ambulatory,2025-06-12
P100607,Reese Williams,reese.williams@mailinator.com,MCH-CC,N,Approved,Ambulatory,2025-04-25
P100608,Riley Martinez,riley.martinez@testmail.co,LDS-AR,N,Approved,Ambulatory,2025-08-16
P100609,Taylor Moore,taylor.moore@mailinator.com,NRW-QP,Yes,Approved,Ambulatory,2025-02-07
P100610,Quinn Williams,quinn.williams@example.com,CDF-BY,N,,Ambulatory,2025-05-04
P100611,Rowan Jones,rowan.jones@example.com,NRW-QP,Y,Approved,Wheelchair,2025-03-16
P100612,Quinn Smith,quinn.smith@testmail.co,MCH-CC,False,Approved,Other,2025-06-14
P100613,Charlie Moore,charlie.moore@mailinator.com,NRW-QP,N,Approved,Ambulatory,2025-05-06
P100614,Riley Moore,riley.moore@testmail.co,LDS-AR,Y,Approved,Ambulatory,2025-03-20
P100615,Reese Wilson,reese.wilson@example.com,EDI-EX,No,Pending,Ambulatory,04/04/2025
P100616,Charlie Thompson,charlie.thompson@example.com,BEL-LG,N,Pending,Ambulatory,2025-06-12
P100617,Quinn Jackson,quinn.jackson@example.com,NRW-QP,False,Approved,Ambulatory,2025-03-15
P100618,Jordan Smith,jordan.smith@mailinator.com,NRW-QP,N,Pending,Ambulatory,2025-05-25
P100619,Cameron Jones,cameron.jones@mailinator.com,BEL-LG,Y,Approved,Ambulatory,2025-09-04
P100620,Elliot White,elliot.white@example.com,BEL-LG,N,Pending,Ambulatory,2025-09-08
P100621,Avery Davis,avery.davis@example.com,BRI-01,N,Pending,Ambulatory,2025-09-13
P100622,Charlie White,charlie.white@mailinator.com,NRW-QP,False,Approved,Ambulatory,2025-07-12
P100623,Alex Wilson,alex.wilson@testmail.co,BHM-PR,N,Pending,Ambulatory,2025-08-24
P100624,Quinn Wilson,quinn.wilson@example.com,CDF-BY,N,Expired,Ambulatory,2025-03-07
P100625,Skyler Martinez,skyler.martinez@example.com,GLW-CL,Y,Approved,Neurodivergent,2025-07-06
P100626,Cameron Jones,cameron.jones@example.com,EDI-EX,N,Approved,HearingImpaired,2025-05-27
P100627,Rowan Jackson,rowan.jackson@mailinator.com,BEL-LG,TRUE,Approved,Ambulatory,2025-08-04
P100628,Jesse Thomas,jesse.thomas@example.com,BEL-LG,No,Approved,VisionImpaired,2025-08-03
P100629,Drew Thompson,drew.thompson@testmail.co,GLW-CL,N,Pending,,2025-02-12
P100630,Cameron Smith,cameron.smith@testmail.co,EDI-EX,Y,Approved,Wheelchair,06/06/2025
P100631,Drew Thomas,drew.thomas@mailinator.com,bhm-pr,Yes,Revoked,Ambulatory,25/03/2025
P100632,Morgan Jackson,morgan.jackson@testmail.co,BHM-PR,No,Approved,Wheelchair,2025-06-04
P100633,Drew Jones,drew.jones@example.com,EDI-EX,N,Approved,Ambulatory,2025-03-04
P100634,Skyler Garcia,skyler.garcia@example.com,NRW-QP,TRUE,Approved,Ambulatory,2025-09-23
P100635,Taylor Thomas,taylor.thomas@testmail.co,BRI-01,Y,Approved,Ambulatory,2025-06-05
P100636,Parker Martin,parker.martin@testmail.co,EDI-EX,Y,Expired,Ambulatory,2025-03-23
P100637,Jordan Davis,jordan.davis@example.com,BRI-01,No,Approved,Ambulatory,2025-08-25
P100638,Casey Brown,casey.brown@example.com,NRW-QP,Yes,Revoked,Ambulatory,22/05/2025
P100639,Taylor Brown,taylor.brown@mailinator.com,MCH-CC,N,Pending,Ambulatory,2025-03-28
P100640,Avery Thompson,avery.thompson@testmail.co,BHM-PR,Yes,Pending,Ambulatory,2025-02-04
P100641,Alex Martin,alex.martin@example.com,MCH-CC,N,Pending,Ambulatory,2025-02-07
P100642,Rowan Anderson,rowan.anderson@mailinator.com,GLW-CL,No,Approved,HearingImpaired,2025-07-14
P100643,Riley Thomas,riley.thomas@example.com,BHM-PR,Y,Approved,VisionImpaired,2025-05-18
P100644,Jamie Martinez,jamie.martinez@testmail.co,BRI-01,N,Pending,Wheelchair,2025-08-08
P100645,Jesse Thomas,jesse.thomas@example.com,BRI-01,TRUE,Revoked,Ambulatory,2025-01-22
P100646,Taylor Taylor,taylor.taylor@testmail.co,NRW-QP,Y,Approved,Ambulatory,2025-02-24
P100647,Morgan Williams,morgan.williams@testmail.co,MCH-CC,No,,Ambulatory,2025-07-24
P100648,Cameron Thompson,cameron.thompson@testmail.co,CDF-BY,No,,,2025-09-09
P100649,Quinn Brown,quinn.brown@example.com,LDS-AR,N,Revoked,Ambulatory,27/01/2025
P100650,Alex Miller,alex.miller@testmail.co,GLW-CL,Y,Pending,Ambulatory,2025-02-22
